{
    "engine": {
        "model": "deepseek-ai/DeepSeek-R1",
        "model_path": "/userdata/llms/DeepSeek-R1-FP4",
        "engine_dir": "None",
        "version": "0.19.0.dev2025040100",
        "backend": "Pytorch",
        "dtype": "bfloat16",
        "kv_cache_dtype": null,
        "quantization": "NVFP4"
    },
    "world_info": {
        "tp_size": 8,
        "pp_size": 1,
        "ep_size": 4,
        "world_size": 8,
        "max_batch_size": 300,
        "max_num_tokens": 1160,
        "scheduling_policy": "Guaranteed No Evict",
        "kv_cache_percentage": 80.0,
        "issue_rate": 9.745476754366666e+16
    },
    "request_info": {
        "num_requests": 3000,
        "avg_num_concurrent_requests": 288.9564208197699,
        "avg_input_length": 369.905,
        "avg_output_length": 183.15933333333334
    },
    "performance": {
        "total_latency_ms": 315922.597954,
        "avg_request_latency_ms": 30429.287720290333,
        "request_throughput_req_s": 9.495996865779182,
        "system_output_throughput_tok_s": 1739.2804552715374,
        "output_throughput_per_user_tok_s": 6.02224157546047,
        "output_throughput_per_gpu_tok_s": 217.41005690894218,
        "request_latency_percentiles_ms": {
            "p50": 26911.573045999998,
            "p90": 27137.4529,
            "p95": 51170.657435,
            "p99": 127055.71369799999,
            "minimum": 16462.30703,
            "maximum": 268668.590018,
            "average": 30429.287720290333
        }
    },
    "streaming_metrics": {
        "token_output_speed_tok_s": 6.1188815802366525,
        "avg_ttft_ms": 684.1894511076666,
        "avg_tpot_ms": 163.4285591062745,
        "tpot_percentiles": {
            "p50": 164.958747125,
            "p90": 165.91790743125,
            "p95": 166.20241088125,
            "p99": 166.5720816125,
            "minimum": 143.88472370625,
            "maximum": 166.876376775,
            "average": 163.4285591062745
        },
        "ttft_percentiles": {
            "p50": 506.58644799999996,
            "p90": 711.9290209999999,
            "p95": 2682.871767,
            "p99": 3395.390723,
            "minimum": 373.390904,
            "maximum": 3604.195675,
            "average": 684.1894511076666
        }
    },
    "dataset": {
        "isl_stats": {
            "p50": 298.0,
            "p90": 766.0,
            "p95": 872.0,
            "p99": 1000.0,
            "minimum": 100.0,
            "maximum": 1023.0,
            "average": 369.905
        },
        "osl_stats": {
            "p50": 310.0,
            "p90": 738.0,
            "p95": 813.0,
            "p99": 1152.0,
            "minimum": 100.0,
            "maximum": 1843.0,
            "average": 372.16266666666667
        },
        "seq_len_stats": {
            "p50": 670.0,
            "p90": 1238.0,
            "p95": 1425.0,
            "p99": 1738.0,
            "minimum": 203.0,
            "maximum": 2009.0,
            "average": 742.0676666666667
        },
        "num_requests": 3000,
        "dataset_path": "/userdata/foo/trtest/dataset-sharegpt.txt",
        "max_isl": 1023,
        "max_osl": 1843,
        "max_sequence_length": 2009,
        "avg_isl": 369,
        "avg_osl": 372,
        "avg_sequence_length": 742
    }
}