{
    "engine": {
        "model": "deepseek-ai/DeepSeek-R1",
        "model_path": "/userdata/llms/DeepSeek-R1-FP4",
        "engine_dir": "None",
        "version": "0.19.0.dev2025040800",
        "backend": "Pytorch",
        "dtype": "bfloat16",
        "kv_cache_dtype": null,
        "quantization": "NVFP4"
    },
    "world_info": {
        "tp_size": 8,
        "pp_size": 1,
        "ep_size": 4,
        "world_size": 8,
        "max_batch_size": 300,
        "max_num_tokens": 1160,
        "scheduling_policy": "GUARANTEED_NO_EVICT",
        "kv_cache_percentage": 80.0,
        "issue_rate": 8.07436423629e+17
    },
    "request_info": {
        "num_requests": 3000,
        "avg_num_concurrent_requests": 299.3872726139052,
        "avg_input_length": 1000.0,
        "avg_output_length": 1000.0
    },
    "performance": {
        "total_latency_ms": 2689325.500873,
        "avg_request_latency_ms": 268383.27562579734,
        "request_throughput_req_s": 1.1155213450458674,
        "system_output_throughput_tok_s": 1115.5213450458675,
        "system_total_throughput_tok_s": 2231.042690091735,
        "output_throughput_per_user_tok_s": 3.7263200577497675,
        "output_throughput_per_gpu_tok_s": 139.44016813073344,
        "request_latency_percentiles_ms": {
            "p50": 267409.530151,
            "p90": 270848.056628,
            "p95": 273847.691756,
            "p99": 277606.41166,
            "minimum": 265329.930703,
            "maximum": 278778.303344,
            "average": 268383.27562579734
        }
    },
    "streaming_metrics": {
        "token_output_speed_tok_s": 3.7416350457567784,
        "avg_ttft_ms": 1387.7007546133332,
        "avg_tpot_ms": 267.2628377088929,
        "tpot_percentiles": {
            "p50": 266.85687000500496,
            "p90": 269.60440548048047,
            "p95": 270.0491372822823,
            "p99": 270.1559739409409,
            "minimum": 264.98497426626625,
            "maximum": 270.1961182072072,
            "average": 267.2628377088929
        },
        "ttft_percentiles": {
            "p50": 996.895644,
            "p90": 1195.302274,
            "p95": 6009.467133,
            "p99": 9925.909199,
            "minimum": 545.179399,
            "maximum": 11231.832435,
            "average": 1387.7007546133332
        }
    },
    "dataset": {
        "isl_stats": {
            "p50": 1000.0,
            "p90": 1000.0,
            "p95": 1000.0,
            "p99": 1000.0,
            "minimum": 1000.0,
            "maximum": 1000.0,
            "average": 1000.0
        },
        "osl_stats": {
            "p50": 1000.0,
            "p90": 1000.0,
            "p95": 1000.0,
            "p99": 1000.0,
            "minimum": 1000.0,
            "maximum": 1000.0,
            "average": 1000.0
        },
        "seq_len_stats": {
            "p50": 2000.0,
            "p90": 2000.0,
            "p95": 2000.0,
            "p99": 2000.0,
            "minimum": 2000.0,
            "maximum": 2000.0,
            "average": 2000.0
        },
        "num_requests": 3000,
        "dataset_path": "/userdata/foo/trtest/dataset-ds-r1.txt",
        "max_isl": 1000,
        "max_osl": 1000,
        "max_sequence_length": 2000,
        "avg_isl": 1000,
        "avg_osl": 1000,
        "avg_sequence_length": 2000
    }
}