{
    "engine": {
        "model": "deepseek-ai/DeepSeek-R1",
        "model_path": "/userdata/llms/DeepSeek-R1-FP4",
        "engine_dir": "None",
        "version": "0.19.0.dev2025040800",
        "backend": "Pytorch",
        "dtype": "bfloat16",
        "kv_cache_dtype": null,
        "quantization": "NVFP4"
    },
    "world_info": {
        "tp_size": 8,
        "pp_size": 1,
        "ep_size": 4,
        "world_size": 8,
        "max_batch_size": 600,
        "max_num_tokens": 1160,
        "scheduling_policy": "GUARANTEED_NO_EVICT",
        "kv_cache_percentage": 80.0,
        "issue_rate": 3.940097504193333e+17
    },
    "request_info": {
        "num_requests": 3000,
        "avg_num_concurrent_requests": 594.6387645474695,
        "avg_input_length": 1000.0,
        "avg_output_length": 1000.0
    },
    "performance": {
        "total_latency_ms": 1523270.6000899998,
        "avg_request_latency_ms": 301931.915903,
        "request_throughput_req_s": 1.969446531576694,
        "system_output_throughput_tok_s": 1969.446531576694,
        "system_total_throughput_tok_s": 3938.893063153388,
        "output_throughput_per_user_tok_s": 3.3368864821198247,
        "output_throughput_per_gpu_tok_s": 246.18081644708676,
        "request_latency_percentiles_ms": {
            "p50": 286394.498316,
            "p90": 341859.334424,
            "p95": 342001.269674,
            "p99": 342070.19065899996,
            "minimum": 275187.049544,
            "maximum": 342212.02605399996,
            "average": 301931.915903
        }
    },
    "streaming_metrics": {
        "token_output_speed_tok_s": 3.3432517815313183,
        "avg_ttft_ms": 3121.037967140333,
        "avg_tpot_ms": 299.1099879237834,
        "tpot_percentiles": {
            "p50": 280.2982752682683,
            "p90": 341.1502966926927,
            "p95": 341.29524009709706,
            "p99": 341.3472485165165,
            "minimum": 274.476815972973,
            "maximum": 341.38894308708706,
            "average": 299.1099879237834
        },
        "ttft_percentiles": {
            "p50": 1082.5262249999998,
            "p90": 11461.221663999999,
            "p95": 16944.155935,
            "p99": 21255.146862999998,
            "minimum": 560.888477,
            "maximum": 22335.222714,
            "average": 3121.037967140333
        }
    },
    "dataset": {
        "isl_stats": {
            "p50": 1000.0,
            "p90": 1000.0,
            "p95": 1000.0,
            "p99": 1000.0,
            "minimum": 1000.0,
            "maximum": 1000.0,
            "average": 1000.0
        },
        "osl_stats": {
            "p50": 1000.0,
            "p90": 1000.0,
            "p95": 1000.0,
            "p99": 1000.0,
            "minimum": 1000.0,
            "maximum": 1000.0,
            "average": 1000.0
        },
        "seq_len_stats": {
            "p50": 2000.0,
            "p90": 2000.0,
            "p95": 2000.0,
            "p99": 2000.0,
            "minimum": 2000.0,
            "maximum": 2000.0,
            "average": 2000.0
        },
        "num_requests": 3000,
        "dataset_path": "/userdata/foo/trtest/dataset-ds-r1.txt",
        "max_isl": 1000,
        "max_osl": 1000,
        "max_sequence_length": 2000,
        "avg_isl": 1000,
        "avg_osl": 1000,
        "avg_sequence_length": 2000
    }
}