{
    "engine": {
        "model": "deepseek-ai/DeepSeek-R1",
        "model_path": "/userdata/llms/DeepSeek-R1-FP4",
        "engine_dir": "None",
        "version": "0.19.0.dev2025040800",
        "backend": "Pytorch",
        "dtype": "bfloat16",
        "kv_cache_dtype": null,
        "quantization": "NVFP4"
    },
    "world_info": {
        "tp_size": 8,
        "pp_size": 1,
        "ep_size": 4,
        "world_size": 8,
        "max_batch_size": 300,
        "max_num_tokens": 1160,
        "scheduling_policy": "GUARANTEED_NO_EVICT",
        "kv_cache_percentage": 80.0,
        "issue_rate": 3.756028581046666e+17
    },
    "request_info": {
        "num_requests": 3000,
        "avg_num_concurrent_requests": 595.329286737306,
        "avg_input_length": 1000.0,
        "avg_output_length": 1000.0
    },
    "performance": {
        "total_latency_ms": 1401119.83189,
        "avg_request_latency_ms": 278042.5567175226,
        "request_throughput_req_s": 2.1411444843752134,
        "system_output_throughput_tok_s": 2141.144484375214,
        "system_total_throughput_tok_s": 4282.288968750428,
        "output_throughput_per_user_tok_s": 3.59828316614084,
        "output_throughput_per_gpu_tok_s": 267.6430605469017,
        "request_latency_percentiles_ms": {
            "p50": 275440.36647999997,
            "p90": 289101.56004199997,
            "p95": 294520.14947199996,
            "p99": 298935.75347399997,
            "minimum": 274055.827617,
            "maximum": 299967.18079,
            "average": 278042.5567175226
        }
    },
    "streaming_metrics": {
        "token_output_speed_tok_s": 3.6327085093969598,
        "avg_ttft_ms": 3041.1363129339998,
        "avg_tpot_ms": 275.27669710169033,
        "tpot_percentiles": {
            "p50": 274.8119155985986,
            "p90": 277.6407476206206,
            "p95": 277.970002034034,
            "p99": 278.0971396656657,
            "minimum": 273.2909324804805,
            "maximum": 278.14389635035036,
            "average": 275.27669710169033
        },
        "ttft_percentiles": {
            "p50": 1042.0704819999999,
            "p90": 11405.791021,
            "p95": 17177.714286,
            "p99": 21873.571981999998,
            "minimum": 487.492617,
            "maximum": 22618.606948999997,
            "average": 3041.1363129339998
        }
    },
    "dataset": {
        "isl_stats": {
            "p50": 1000.0,
            "p90": 1000.0,
            "p95": 1000.0,
            "p99": 1000.0,
            "minimum": 1000.0,
            "maximum": 1000.0,
            "average": 1000.0
        },
        "osl_stats": {
            "p50": 1000.0,
            "p90": 1000.0,
            "p95": 1000.0,
            "p99": 1000.0,
            "minimum": 1000.0,
            "maximum": 1000.0,
            "average": 1000.0
        },
        "seq_len_stats": {
            "p50": 2000.0,
            "p90": 2000.0,
            "p95": 2000.0,
            "p99": 2000.0,
            "minimum": 2000.0,
            "maximum": 2000.0,
            "average": 2000.0
        },
        "num_requests": 3000,
        "dataset_path": "/userdata/foo/trtest/dataset-ds-r1.txt",
        "max_isl": 1000,
        "max_osl": 1000,
        "max_sequence_length": 2000,
        "avg_isl": 1000,
        "avg_osl": 1000,
        "avg_sequence_length": 2000
    }
}