{
    "engine": {
        "model": "deepseek-ai/DeepSeek-R1",
        "model_path": "/userdata/llms/DeepSeek-R1-FP4",
        "engine_dir": "None",
        "version": "0.19.0.dev2025041500",
        "backend": "Pytorch",
        "dtype": "bfloat16",
        "kv_cache_dtype": null,
        "quantization": "NVFP4"
    },
    "world_info": {
        "tp_size": 8,
        "pp_size": 1,
        "ep_size": 4,
        "world_size": 8,
        "max_batch_size": 300,
        "max_num_tokens": 1160,
        "scheduling_policy": "GUARANTEED_NO_EVICT",
        "kv_cache_percentage": 80.0,
        "issue_rate": 2.372507944503333e+17
    },
    "request_info": {
        "num_requests": 3000,
        "avg_num_concurrent_requests": 595.0666800306136,
        "avg_input_length": 1000.0,
        "avg_output_length": 1000.0
    },
    "performance": {
        "total_latency_ms": 881593.624387,
        "avg_request_latency_ms": 174868.9970667093,
        "request_throughput_req_s": 3.402928420774362,
        "system_output_throughput_tok_s": 3402.928420774362,
        "system_total_throughput_tok_s": 6805.856841548724,
        "output_throughput_per_user_tok_s": 5.720849134471586,
        "output_throughput_per_gpu_tok_s": 425.36605259679527,
        "request_latency_percentiles_ms": {
            "p50": 174374.86466599998,
            "p90": 180309.09252099998,
            "p95": 184039.655795,
            "p99": 187150.25105,
            "minimum": 169840.926652,
            "maximum": 187738.858447,
            "average": 174868.9970667093
        }
    },
    "streaming_metrics": {
        "token_output_speed_tok_s": 5.783123152462066,
        "avg_ttft_ms": 2124.9669530339997,
        "avg_tpot_ms": 172.91694706073605,
        "tpot_percentiles": {
            "p50": 173.46867922622624,
            "p90": 174.15614589489488,
            "p95": 174.18516979779778,
            "p99": 174.25721064164165,
            "minimum": 169.44112988488487,
            "maximum": 174.5952529019019,
            "average": 172.91694706073605
        },
        "ttft_percentiles": {
            "p50": 623.326957,
            "p90": 7902.40489,
            "p95": 11520.391015,
            "p99": 14470.241646999999,
            "minimum": 543.906607,
            "maximum": 15063.936956,
            "average": 2124.9669530339997
        }
    },
    "dataset": {
        "isl_stats": {
            "p50": 1000.0,
            "p90": 1000.0,
            "p95": 1000.0,
            "p99": 1000.0,
            "minimum": 1000.0,
            "maximum": 1000.0,
            "average": 1000.0
        },
        "osl_stats": {
            "p50": 1000.0,
            "p90": 1000.0,
            "p95": 1000.0,
            "p99": 1000.0,
            "minimum": 1000.0,
            "maximum": 1000.0,
            "average": 1000.0
        },
        "seq_len_stats": {
            "p50": 2000.0,
            "p90": 2000.0,
            "p95": 2000.0,
            "p99": 2000.0,
            "minimum": 2000.0,
            "maximum": 2000.0,
            "average": 2000.0
        },
        "num_requests": 3000,
        "dataset_path": "/userdata/foo/trtest/dataset-ds-r1.txt",
        "max_isl": 1000,
        "max_osl": 1000,
        "max_sequence_length": 2000,
        "avg_isl": 1000,
        "avg_osl": 1000,
        "avg_sequence_length": 2000
    }
}