{
    "engine": {
        "model": "deepseek-ai/DeepSeek-R1",
        "model_path": "/userdata/llms/DeepSeek-R1-FP4",
        "engine_dir": "None",
        "version": "0.19.0.dev2025041500",
        "backend": "Pytorch",
        "dtype": "bfloat16",
        "kv_cache_dtype": null,
        "quantization": "NVFP4"
    },
    "world_info": {
        "tp_size": 8,
        "pp_size": 1,
        "ep_size": 4,
        "world_size": 8,
        "max_batch_size": 600,
        "max_num_tokens": 1160,
        "scheduling_policy": "GUARANTEED_NO_EVICT",
        "kv_cache_percentage": 80.0,
        "issue_rate": 2.328214963176667e+17
    },
    "request_info": {
        "num_requests": 3000,
        "avg_num_concurrent_requests": 595.1135730013928,
        "avg_input_length": 1000.0,
        "avg_output_length": 1000.0
    },
    "performance": {
        "total_latency_ms": 867381.3678509999,
        "avg_request_latency_ms": 172063.47499221464,
        "request_throughput_req_s": 3.4586862379033074,
        "system_output_throughput_tok_s": 3458.6862379033073,
        "system_total_throughput_tok_s": 6917.372475806615,
        "output_throughput_per_user_tok_s": 5.814382093373764,
        "output_throughput_per_gpu_tok_s": 432.3357797379134,
        "request_latency_percentiles_ms": {
            "p50": 170769.363194,
            "p90": 178481.658722,
            "p95": 182112.940366,
            "p99": 184932.761924,
            "minimum": 168916.779315,
            "maximum": 185491.758164,
            "average": 172063.47499221464
        }
    },
    "streaming_metrics": {
        "token_output_speed_tok_s": 5.878089058160236,
        "avg_ttft_ms": 2110.2827020873333,
        "avg_tpot_ms": 170.12331560573307,
        "tpot_percentiles": {
            "p50": 170.3355346946947,
            "p90": 170.68602863363364,
            "p95": 170.71664727327325,
            "p99": 170.75474334234235,
            "minimum": 168.53469604604604,
            "maximum": 170.81287823623623,
            "average": 170.12331560573307
        },
        "ttft_percentiles": {
            "p50": 600.868422,
            "p90": 7840.275288,
            "p95": 11582.597483,
            "p99": 14446.926672,
            "minimum": 533.4957029999999,
            "maximum": 15005.527863,
            "average": 2110.2827020873333
        }
    },
    "dataset": {
        "isl_stats": {
            "p50": 1000.0,
            "p90": 1000.0,
            "p95": 1000.0,
            "p99": 1000.0,
            "minimum": 1000.0,
            "maximum": 1000.0,
            "average": 1000.0
        },
        "osl_stats": {
            "p50": 1000.0,
            "p90": 1000.0,
            "p95": 1000.0,
            "p99": 1000.0,
            "minimum": 1000.0,
            "maximum": 1000.0,
            "average": 1000.0
        },
        "seq_len_stats": {
            "p50": 2000.0,
            "p90": 2000.0,
            "p95": 2000.0,
            "p99": 2000.0,
            "minimum": 2000.0,
            "maximum": 2000.0,
            "average": 2000.0
        },
        "num_requests": 3000,
        "dataset_path": "/userdata/foo/trtest/dataset-ds-r1.txt",
        "max_isl": 1000,
        "max_osl": 1000,
        "max_sequence_length": 2000,
        "avg_isl": 1000,
        "avg_osl": 1000,
        "avg_sequence_length": 2000
    }
}