{
    "engine": {
        "model": "deepseek-ai/DeepSeek-R1",
        "model_path": "/userdata/llms/DeepSeek-R1-FP4",
        "engine_dir": "None",
        "version": "0.19.0.dev2025041500",
        "backend": "Pytorch",
        "dtype": "bfloat16",
        "kv_cache_dtype": null,
        "quantization": "NVFP4"
    },
    "world_info": {
        "tp_size": 8,
        "pp_size": 1,
        "ep_size": 4,
        "world_size": 8,
        "max_batch_size": 300,
        "max_num_tokens": 1160,
        "scheduling_policy": "GUARANTEED_NO_EVICT",
        "kv_cache_percentage": 80.0,
        "issue_rate": 2.3397084029233334e+17
    },
    "request_info": {
        "num_requests": 3000,
        "avg_num_concurrent_requests": 595.2132867110496,
        "avg_input_length": 1000.0,
        "avg_output_length": 1000.0
    },
    "performance": {
        "total_latency_ms": 872360.934834,
        "avg_request_latency_ms": 173080.273073623,
        "request_throughput_req_s": 3.4389435384000366,
        "system_output_throughput_tok_s": 3438.943538400037,
        "system_total_throughput_tok_s": 6877.887076800074,
        "output_throughput_per_user_tok_s": 5.779189070661688,
        "output_throughput_per_gpu_tok_s": 429.86794230000464,
        "request_latency_percentiles_ms": {
            "p50": 172563.70694899998,
            "p90": 176837.227278,
            "p95": 180476.021274,
            "p99": 183408.78227999998,
            "minimum": 169598.917004,
            "maximum": 183974.79539699998,
            "average": 173080.273073623
        }
    },
    "streaming_metrics": {
        "token_output_speed_tok_s": 5.8415218211667295,
        "avg_ttft_ms": 2063.193863180333,
        "avg_tpot_ms": 171.1882674779206,
        "tpot_percentiles": {
            "p50": 171.07155852552555,
            "p90": 173.2802817897898,
            "p95": 173.29419256556554,
            "p99": 173.3545898028028,
            "minimum": 169.00535935135133,
            "maximum": 173.50271108708708,
            "average": 171.1882674779206
        },
        "ttft_percentiles": {
            "p50": 603.475791,
            "p90": 7753.362738999999,
            "p95": 11452.714392,
            "p99": 14443.300433999999,
            "minimum": 476.21221299999996,
            "maximum": 15002.999812999999,
            "average": 2063.193863180333
        }
    },
    "dataset": {
        "isl_stats": {
            "p50": 1000.0,
            "p90": 1000.0,
            "p95": 1000.0,
            "p99": 1000.0,
            "minimum": 1000.0,
            "maximum": 1000.0,
            "average": 1000.0
        },
        "osl_stats": {
            "p50": 1000.0,
            "p90": 1000.0,
            "p95": 1000.0,
            "p99": 1000.0,
            "minimum": 1000.0,
            "maximum": 1000.0,
            "average": 1000.0
        },
        "seq_len_stats": {
            "p50": 2000.0,
            "p90": 2000.0,
            "p95": 2000.0,
            "p99": 2000.0,
            "minimum": 2000.0,
            "maximum": 2000.0,
            "average": 2000.0
        },
        "num_requests": 3000,
        "dataset_path": "/userdata/foo/trtest/dataset-ds-r1.txt",
        "max_isl": 1000,
        "max_osl": 1000,
        "max_sequence_length": 2000,
        "avg_isl": 1000,
        "avg_osl": 1000,
        "avg_sequence_length": 2000
    }
}