{
    "engine": {
        "model": "deepseek-ai/DeepSeek-R1",
        "model_path": "/userdata/llms/DeepSeek-R1-FP4",
        "engine_dir": "None",
        "version": "0.19.0.dev2025040800",
        "backend": "Pytorch",
        "dtype": "bfloat16",
        "kv_cache_dtype": null,
        "quantization": "NVFP4"
    },
    "world_info": {
        "tp_size": 8,
        "pp_size": 1,
        "ep_size": 4,
        "world_size": 8,
        "max_batch_size": 300,
        "max_num_tokens": 1160,
        "scheduling_policy": "GUARANTEED_NO_EVICT",
        "kv_cache_percentage": 80.0,
        "issue_rate": 1.3215735182933333e+17
    },
    "request_info": {
        "num_requests": 3000,
        "avg_num_concurrent_requests": 416.9401102584725,
        "avg_input_length": 369.905,
        "avg_output_length": 204.21066666666667
    },
    "performance": {
        "total_latency_ms": 611702.9222469999,
        "avg_request_latency_ms": 85014.494615698,
        "request_throughput_req_s": 4.904341455456752,
        "system_output_throughput_tok_s": 1001.5188381797935,
        "system_total_throughput_tok_s": 2815.6592642605233,
        "output_throughput_per_user_tok_s": 2.473785114342692,
        "output_throughput_per_gpu_tok_s": 125.18985477247419,
        "request_latency_percentiles_ms": {
            "p50": 64599.183909,
            "p90": 150137.88978199998,
            "p95": 232993.629184,
            "p99": 355461.666347,
            "minimum": 50275.807189,
            "maximum": 611587.2265839999,
            "average": 85014.494615698
        }
    },
    "streaming_metrics": {
        "token_output_speed_tok_s": 2.5233499313586965,
        "avg_ttft_ms": 3390.1143049469997,
        "avg_tpot_ms": 396.2985821239428,
        "tpot_percentiles": {
            "p50": 397.07799590625,
            "p90": 438.68487473456787,
            "p95": 447.5270409125,
            "p99": 454.45643727192976,
            "minimum": 338.910524675,
            "maximum": 460.9437616308725,
            "average": 396.2985821239428
        },
        "ttft_percentiles": {
            "p50": 1213.7164129999999,
            "p90": 13783.766748,
            "p95": 16894.96435,
            "p99": 18396.612924,
            "minimum": 886.338096,
            "maximum": 18848.753560999998,
            "average": 3390.1143049469997
        }
    },
    "dataset": {
        "isl_stats": {
            "p50": 298.0,
            "p90": 766.0,
            "p95": 872.0,
            "p99": 1000.0,
            "minimum": 100.0,
            "maximum": 1023.0,
            "average": 369.905
        },
        "osl_stats": {
            "p50": 310.0,
            "p90": 738.0,
            "p95": 813.0,
            "p99": 1152.0,
            "minimum": 100.0,
            "maximum": 1843.0,
            "average": 372.16266666666667
        },
        "seq_len_stats": {
            "p50": 670.0,
            "p90": 1238.0,
            "p95": 1425.0,
            "p99": 1738.0,
            "minimum": 203.0,
            "maximum": 2009.0,
            "average": 742.0676666666667
        },
        "num_requests": 3000,
        "dataset_path": "/userdata/foo/trtest/dataset-sharegpt.txt",
        "max_isl": 1023,
        "max_osl": 1843,
        "max_sequence_length": 2009,
        "avg_isl": 369,
        "avg_osl": 372,
        "avg_sequence_length": 742
    }
}