{
    "engine": {
        "model": "deepseek-ai/DeepSeek-R1",
        "model_path": "/userdata/llms/deepseek-ai/DeepSeek-R1",
        "engine_dir": "None",
        "version": "0.19.0.dev2025040800",
        "backend": "Pytorch",
        "dtype": "bfloat16",
        "kv_cache_dtype": null,
        "quantization": "FP8_BLOCK_SCALES"
    },
    "world_info": {
        "tp_size": 8,
        "pp_size": 1,
        "ep_size": 4,
        "world_size": 8,
        "max_batch_size": 300,
        "max_num_tokens": 1160,
        "scheduling_policy": "GUARANTEED_NO_EVICT",
        "kv_cache_percentage": 80.0,
        "issue_rate": 2.524957328973333e+17
    },
    "request_info": {
        "num_requests": 3000,
        "avg_num_concurrent_requests": 299.4855269553465,
        "avg_input_length": 1000.0,
        "avg_output_length": 1000.0
    },
    "performance": {
        "total_latency_ms": 826921.8363879999,
        "avg_request_latency_ms": 82550.37397384767,
        "request_throughput_req_s": 3.6279124192729264,
        "system_output_throughput_tok_s": 3627.912419272926,
        "system_total_throughput_tok_s": 7255.824838545852,
        "output_throughput_per_user_tok_s": 12.136456600352686,
        "output_throughput_per_gpu_tok_s": 453.48905240911574,
        "request_latency_percentiles_ms": {
            "p50": 82429.981776,
            "p90": 83055.10863,
            "p95": 89664.43287799999,
            "p99": 95515.602214,
            "minimum": 69434.547359,
            "maximum": 97150.348909,
            "average": 82550.37397384767
        }
    },
    "streaming_metrics": {
        "token_output_speed_tok_s": 12.39093667080342,
        "avg_ttft_ms": 1926.9290688366666,
        "avg_tpot_ms": 80.70414905406506,
        "tpot_percentiles": {
            "p50": 81.30062662262262,
            "p90": 81.88187452352352,
            "p95": 81.90089735435434,
            "p99": 81.90399814414414,
            "minimum": 68.50306478478477,
            "maximum": 82.30127154854854,
            "average": 80.70414905406506
        },
        "ttft_percentiles": {
            "p50": 1231.5953009999998,
            "p90": 1251.9773559999999,
            "p95": 8142.592339999999,
            "p99": 13937.917636999999,
            "minimum": 715.539487,
            "maximum": 15361.631459,
            "average": 1926.9290688366666
        }
    },
    "dataset": {
        "isl_stats": {
            "p50": 1000.0,
            "p90": 1000.0,
            "p95": 1000.0,
            "p99": 1000.0,
            "minimum": 1000.0,
            "maximum": 1000.0,
            "average": 1000.0
        },
        "osl_stats": {
            "p50": 1000.0,
            "p90": 1000.0,
            "p95": 1000.0,
            "p99": 1000.0,
            "minimum": 1000.0,
            "maximum": 1000.0,
            "average": 1000.0
        },
        "seq_len_stats": {
            "p50": 2000.0,
            "p90": 2000.0,
            "p95": 2000.0,
            "p99": 2000.0,
            "minimum": 2000.0,
            "maximum": 2000.0,
            "average": 2000.0
        },
        "num_requests": 3000,
        "dataset_path": "/userdata/projects/foo/trtest/dataset-ds-r1.txt",
        "max_isl": 1000,
        "max_osl": 1000,
        "max_sequence_length": 2000,
        "avg_isl": 1000,
        "avg_osl": 1000,
        "avg_sequence_length": 2000
    }
}