{
    "engine": {
        "model": "deepseek-ai/DeepSeek-R1",
        "model_path": "/userdata/llms/DeepSeek-R1-FP4",
        "engine_dir": "None",
        "version": "0.19.0.dev2025040100",
        "backend": "Pytorch",
        "dtype": "bfloat16",
        "kv_cache_dtype": null,
        "quantization": "NVFP4"
    },
    "world_info": {
        "tp_size": 8,
        "pp_size": 1,
        "ep_size": 4,
        "world_size": 8,
        "max_batch_size": 100,
        "max_num_tokens": 1160,
        "scheduling_policy": "Guaranteed No Evict",
        "kv_cache_percentage": 80.0,
        "issue_rate": 2.50627028277e+17
    },
    "request_info": {
        "num_requests": 3000,
        "avg_num_concurrent_requests": 98.36422046566223,
        "avg_input_length": 369.905,
        "avg_output_length": 166.79633333333334
    },
    "performance": {
        "total_latency_ms": 774318.5319589999,
        "avg_request_latency_ms": 25388.412929421,
        "request_throughput_req_s": 3.874374532158104,
        "system_output_throughput_tok_s": 646.2314659240203,
        "output_throughput_per_user_tok_s": 6.570387599199744,
        "output_throughput_per_gpu_tok_s": 80.77893324050254,
        "request_latency_percentiles_ms": {
            "p50": 24523.274008,
            "p90": 24922.4017,
            "p95": 25038.394108999997,
            "p99": 57194.943631999995,
            "minimum": 15272.950184,
            "maximum": 215163.80794099998,
            "average": 25388.412929421
        }
    },
    "streaming_metrics": {
        "token_output_speed_tok_s": 6.660296945381275,
        "avg_ttft_ms": 496.40595894899997,
        "avg_tpot_ms": 150.14345579493587,
        "tpot_percentiles": {
            "p50": 150.1701691125,
            "p90": 152.54798728749998,
            "p95": 153.23488556249998,
            "p99": 153.85345078125,
            "minimum": 137.69692605,
            "maximum": 154.30159698125,
            "average": 150.14345579493587
        },
        "ttft_percentiles": {
            "p50": 460.909588,
            "p90": 551.866543,
            "p95": 575.408827,
            "p99": 1777.554614,
            "minimum": 359.353612,
            "maximum": 1808.0326599999999,
            "average": 496.40595894899997
        }
    },
    "dataset": {
        "isl_stats": {
            "p50": 298.0,
            "p90": 766.0,
            "p95": 872.0,
            "p99": 1000.0,
            "minimum": 100.0,
            "maximum": 1023.0,
            "average": 369.905
        },
        "osl_stats": {
            "p50": 310.0,
            "p90": 738.0,
            "p95": 813.0,
            "p99": 1152.0,
            "minimum": 100.0,
            "maximum": 1843.0,
            "average": 372.16266666666667
        },
        "seq_len_stats": {
            "p50": 670.0,
            "p90": 1238.0,
            "p95": 1425.0,
            "p99": 1738.0,
            "minimum": 203.0,
            "maximum": 2009.0,
            "average": 742.0676666666667
        },
        "num_requests": 3000,
        "dataset_path": "/userdata/foo/trtest/dataset-sharegpt.txt",
        "max_isl": 1023,
        "max_osl": 1843,
        "max_sequence_length": 2009,
        "avg_isl": 369,
        "avg_osl": 372,
        "avg_sequence_length": 742
    }
}