{
    "engine": {
        "model": "deepseek-ai/DeepSeek-R1",
        "model_path": "/userdata/llms/DeepSeek-R1-FP4",
        "engine_dir": "None",
        "version": "0.19.0.dev2025040800",
        "backend": "Pytorch",
        "dtype": "bfloat16",
        "kv_cache_dtype": null,
        "quantization": "NVFP4"
    },
    "world_info": {
        "tp_size": 8,
        "pp_size": 1,
        "ep_size": 4,
        "world_size": 8,
        "max_batch_size": 600,
        "max_num_tokens": 1160,
        "scheduling_policy": "GUARANTEED_NO_EVICT",
        "kv_cache_percentage": 80.0,
        "issue_rate": 6.6413332298666664e+16
    },
    "request_info": {
        "num_requests": 3000,
        "avg_num_concurrent_requests": 431.14290457468854,
        "avg_input_length": 369.905,
        "avg_output_length": 234.549
    },
    "performance": {
        "total_latency_ms": 531359.886914,
        "avg_request_latency_ms": 76364.01500619332,
        "request_throughput_req_s": 5.645890993810654,
        "system_output_throughput_tok_s": 1324.238086707295,
        "system_total_throughput_tok_s": 3412.6813947728247,
        "output_throughput_per_user_tok_s": 3.087275911103464,
        "output_throughput_per_gpu_tok_s": 165.52976083841187,
        "request_latency_percentiles_ms": {
            "p50": 50755.720452999994,
            "p90": 151821.526666,
            "p95": 215987.93170699998,
            "p99": 295602.077741,
            "minimum": 33102.385808,
            "maximum": 530621.728871,
            "average": 76364.01500619332
        }
    },
    "streaming_metrics": {
        "token_output_speed_tok_s": 3.231063938629926,
        "avg_ttft_ms": 4263.07033555,
        "avg_tpot_ms": 309.49557761584623,
        "tpot_percentiles": {
            "p50": 310.956377675,
            "p90": 313.21766114375,
            "p95": 314.25271729375,
            "p99": 315.25636160625,
            "minimum": 280.6429019414981,
            "maximum": 317.4504543695652,
            "average": 309.49557761584623
        },
        "ttft_percentiles": {
            "p50": 1127.964189,
            "p90": 13139.710269,
            "p95": 16468.104562,
            "p99": 17578.653025,
            "minimum": 582.4316279999999,
            "maximum": 17852.446799999998,
            "average": 4263.07033555
        }
    },
    "dataset": {
        "isl_stats": {
            "p50": 298.0,
            "p90": 766.0,
            "p95": 872.0,
            "p99": 1000.0,
            "minimum": 100.0,
            "maximum": 1023.0,
            "average": 369.905
        },
        "osl_stats": {
            "p50": 310.0,
            "p90": 738.0,
            "p95": 813.0,
            "p99": 1152.0,
            "minimum": 100.0,
            "maximum": 1843.0,
            "average": 372.16266666666667
        },
        "seq_len_stats": {
            "p50": 670.0,
            "p90": 1238.0,
            "p95": 1425.0,
            "p99": 1738.0,
            "minimum": 203.0,
            "maximum": 2009.0,
            "average": 742.0676666666667
        },
        "num_requests": 3000,
        "dataset_path": "/userdata/foo/trtest/dataset-sharegpt.txt",
        "max_isl": 1023,
        "max_osl": 1843,
        "max_sequence_length": 2009,
        "avg_isl": 369,
        "avg_osl": 372,
        "avg_sequence_length": 742
    }
}