{
    "engine": {
        "model": "deepseek-ai/DeepSeek-R1",
        "model_path": "/userdata/llms/DeepSeek-R1-FP4",
        "engine_dir": "None",
        "version": "0.19.0.dev2025040800",
        "backend": "Pytorch",
        "dtype": "bfloat16",
        "kv_cache_dtype": null,
        "quantization": "NVFP4"
    },
    "world_info": {
        "tp_size": 8,
        "pp_size": 1,
        "ep_size": 4,
        "world_size": 8,
        "max_batch_size": 300,
        "max_num_tokens": 1160,
        "scheduling_policy": "GUARANTEED_NO_EVICT",
        "kv_cache_percentage": 80.0,
        "issue_rate": 1.7160607852533334e+17
    },
    "request_info": {
        "num_requests": 3000,
        "avg_num_concurrent_requests": 288.9890373296346,
        "avg_input_length": 369.905,
        "avg_output_length": 183.15933333333334
    },
    "performance": {
        "total_latency_ms": 557716.8924349999,
        "avg_request_latency_ms": 53724.689282422,
        "request_throughput_req_s": 5.379073219213348,
        "system_output_throughput_tok_s": 985.227464782304,
        "system_total_throughput_tok_s": 2974.9735439354176,
        "output_throughput_per_user_tok_s": 3.41392877695859,
        "output_throughput_per_gpu_tok_s": 123.153433097788,
        "request_latency_percentiles_ms": {
            "p50": 47300.111539,
            "p90": 47917.548529,
            "p95": 92850.792678,
            "p99": 224960.52674499998,
            "minimum": 30496.797393999997,
            "maximum": 473934.786368,
            "average": 53724.689282422
        }
    },
    "streaming_metrics": {
        "token_output_speed_tok_s": 3.4730895520292027,
        "avg_ttft_ms": 1288.5597737706667,
        "avg_tpot_ms": 287.9280781619165,
        "tpot_percentiles": {
            "p50": 289.47020404374996,
            "p90": 292.52612456875,
            "p95": 293.62478718125,
            "p99": 295.15445538125,
            "minimum": 264.34391309374996,
            "maximum": 296.76160453125,
            "average": 287.9280781619165
        },
        "ttft_percentiles": {
            "p50": 995.864837,
            "p90": 1291.750089,
            "p95": 5626.995411,
            "p99": 6282.313746,
            "minimum": 519.960287,
            "maximum": 6627.609880999999,
            "average": 1288.5597737706667
        }
    },
    "dataset": {
        "isl_stats": {
            "p50": 298.0,
            "p90": 766.0,
            "p95": 872.0,
            "p99": 1000.0,
            "minimum": 100.0,
            "maximum": 1023.0,
            "average": 369.905
        },
        "osl_stats": {
            "p50": 310.0,
            "p90": 738.0,
            "p95": 813.0,
            "p99": 1152.0,
            "minimum": 100.0,
            "maximum": 1843.0,
            "average": 372.16266666666667
        },
        "seq_len_stats": {
            "p50": 670.0,
            "p90": 1238.0,
            "p95": 1425.0,
            "p99": 1738.0,
            "minimum": 203.0,
            "maximum": 2009.0,
            "average": 742.0676666666667
        },
        "num_requests": 3000,
        "dataset_path": "/userdata/foo/trtest/dataset-sharegpt.txt",
        "max_isl": 1023,
        "max_osl": 1843,
        "max_sequence_length": 2009,
        "avg_isl": 369,
        "avg_osl": 372,
        "avg_sequence_length": 742
    }
}