{
    "engine": {
        "model": "deepseek-ai/DeepSeek-R1",
        "model_path": "/userdata/llms/DeepSeek-R1-FP4",
        "engine_dir": "None",
        "version": "0.19.0.dev2025040800",
        "backend": "Pytorch",
        "dtype": "bfloat16",
        "kv_cache_dtype": null,
        "quantization": "NVFP4"
    },
    "world_info": {
        "tp_size": 8,
        "pp_size": 1,
        "ep_size": 4,
        "world_size": 8,
        "max_batch_size": 600,
        "max_num_tokens": 1160,
        "scheduling_policy": "GUARANTEED_NO_EVICT",
        "kv_cache_percentage": 80.0,
        "issue_rate": 9.766982555466667e+16
    },
    "request_info": {
        "num_requests": 3000,
        "avg_num_concurrent_requests": 407.0138410937304,
        "avg_input_length": 369.905,
        "avg_output_length": 204.21066666666667
    },
    "performance": {
        "total_latency_ms": 466461.176535,
        "avg_request_latency_ms": 63285.38506087033,
        "request_throughput_req_s": 6.431403406999084,
        "system_output_throughput_tok_s": 1313.361177345554,
        "system_total_throughput_tok_s": 3692.3694546115503,
        "output_throughput_per_user_tok_s": 3.242460737860542,
        "output_throughput_per_gpu_tok_s": 164.17014716819426,
        "request_latency_percentiles_ms": {
            "p50": 49482.490728,
            "p90": 101383.029442,
            "p95": 161845.725114,
            "p99": 258697.9933,
            "minimum": 31093.876623999997,
            "maximum": 466388.330058,
            "average": 63285.38506087033
        }
    },
    "streaming_metrics": {
        "token_output_speed_tok_s": 3.3316780131208485,
        "avg_ttft_ms": 2278.130351998,
        "avg_tpot_ms": 300.1490528381764,
        "tpot_percentiles": {
            "p50": 301.88020010624996,
            "p90": 310.13141865625,
            "p95": 310.73647615625,
            "p99": 311.93343819375,
            "minimum": 273.09053113125003,
            "maximum": 313.38740810624995,
            "average": 300.1490528381764
        },
        "ttft_percentiles": {
            "p50": 1057.376064,
            "p90": 8652.517877,
            "p95": 10949.015459999999,
            "p99": 11457.396062,
            "minimum": 555.4148779999999,
            "maximum": 11677.600449,
            "average": 2278.130351998
        }
    },
    "dataset": {
        "isl_stats": {
            "p50": 298.0,
            "p90": 766.0,
            "p95": 872.0,
            "p99": 1000.0,
            "minimum": 100.0,
            "maximum": 1023.0,
            "average": 369.905
        },
        "osl_stats": {
            "p50": 310.0,
            "p90": 738.0,
            "p95": 813.0,
            "p99": 1152.0,
            "minimum": 100.0,
            "maximum": 1843.0,
            "average": 372.16266666666667
        },
        "seq_len_stats": {
            "p50": 670.0,
            "p90": 1238.0,
            "p95": 1425.0,
            "p99": 1738.0,
            "minimum": 203.0,
            "maximum": 2009.0,
            "average": 742.0676666666667
        },
        "num_requests": 3000,
        "dataset_path": "/userdata/foo/trtest/dataset-sharegpt.txt",
        "max_isl": 1023,
        "max_osl": 1843,
        "max_sequence_length": 2009,
        "avg_isl": 369,
        "avg_osl": 372,
        "avg_sequence_length": 742
    }
}