{
    "engine": {
        "model": "deepseek-ai/DeepSeek-R1",
        "model_path": "/userdata/llms/DeepSeek-R1-FP4",
        "engine_dir": "None",
        "version": "0.19.0.dev2025041500",
        "backend": "Pytorch",
        "dtype": "bfloat16",
        "kv_cache_dtype": null,
        "quantization": "NVFP4"
    },
    "world_info": {
        "tp_size": 8,
        "pp_size": 1,
        "ep_size": 4,
        "world_size": 8,
        "max_batch_size": 100,
        "max_num_tokens": 1160,
        "scheduling_policy": "GUARANTEED_NO_EVICT",
        "kv_cache_percentage": 80.0,
        "issue_rate": 2.8777104794300003e+17
    },
    "request_info": {
        "num_requests": 3000,
        "avg_num_concurrent_requests": 98.32617928542868,
        "avg_input_length": 369.905,
        "avg_output_length": 166.79633333333334
    },
    "performance": {
        "total_latency_ms": 889620.1985899999,
        "avg_request_latency_ms": 29157.65171416633,
        "request_throughput_req_s": 3.3722255910497965,
        "system_output_throughput_tok_s": 562.4748637599389,
        "system_total_throughput_tok_s": 1809.877971017214,
        "output_throughput_per_user_tok_s": 5.72107644352806,
        "output_throughput_per_gpu_tok_s": 70.30935796999236,
        "request_latency_percentiles_ms": {
            "p50": 28135.133672,
            "p90": 28444.71632,
            "p95": 28639.644240999998,
            "p99": 65699.167626,
            "minimum": 17720.858776,
            "maximum": 246185.092186,
            "average": 29157.65171416633
        }
    },
    "streaming_metrics": {
        "token_output_speed_tok_s": 5.79841047846221,
        "avg_ttft_ms": 561.0539887396667,
        "avg_tpot_ms": 172.46105699388306,
        "tpot_percentiles": {
            "p50": 172.4993592875,
            "p90": 173.93923213749997,
            "p95": 174.8884575,
            "p99": 176.34584125625,
            "minimum": 161.29531198125,
            "maximum": 177.14051063124998,
            "average": 172.46105699388306
        },
        "ttft_percentiles": {
            "p50": 529.8507109999999,
            "p90": 569.827412,
            "p95": 593.4780939999999,
            "p99": 1509.3559289999998,
            "minimum": 468.742624,
            "maximum": 1887.072895,
            "average": 561.0539887396667
        }
    },
    "dataset": {
        "isl_stats": {
            "p50": 298.0,
            "p90": 766.0,
            "p95": 872.0,
            "p99": 1000.0,
            "minimum": 100.0,
            "maximum": 1023.0,
            "average": 369.905
        },
        "osl_stats": {
            "p50": 310.0,
            "p90": 738.0,
            "p95": 813.0,
            "p99": 1152.0,
            "minimum": 100.0,
            "maximum": 1843.0,
            "average": 372.16266666666667
        },
        "seq_len_stats": {
            "p50": 670.0,
            "p90": 1238.0,
            "p95": 1425.0,
            "p99": 1738.0,
            "minimum": 203.0,
            "maximum": 2009.0,
            "average": 742.0676666666667
        },
        "num_requests": 3000,
        "dataset_path": "/userdata/foo/trtest/dataset-sharegpt.txt",
        "max_isl": 1023,
        "max_osl": 1843,
        "max_sequence_length": 2009,
        "avg_isl": 369,
        "avg_osl": 372,
        "avg_sequence_length": 742
    }
}