{
    "engine": {
        "model": "deepseek-ai/DeepSeek-R1",
        "model_path": "/userdata/llms/DeepSeek-R1-FP4",
        "engine_dir": "None",
        "version": "0.19.0.dev2025041500",
        "backend": "Pytorch",
        "dtype": "bfloat16",
        "kv_cache_dtype": null,
        "quantization": "NVFP4"
    },
    "world_info": {
        "tp_size": 8,
        "pp_size": 1,
        "ep_size": 4,
        "world_size": 8,
        "max_batch_size": 100,
        "max_num_tokens": 1160,
        "scheduling_policy": "GUARANTEED_NO_EVICT",
        "kv_cache_percentage": 80.0,
        "issue_rate": 1.1138743289866667e+17
    },
    "request_info": {
        "num_requests": 3000,
        "avg_num_concurrent_requests": 288.96673202326434,
        "avg_input_length": 369.905,
        "avg_output_length": 183.15933333333334
    },
    "performance": {
        "total_latency_ms": 361149.06708899996,
        "avg_request_latency_ms": 34786.688563319665,
        "request_throughput_req_s": 8.30681918738196,
        "system_output_throughput_tok_s": 1521.4714644814214,
        "system_total_throughput_tok_s": 4594.205415989946,
        "output_throughput_per_user_tok_s": 5.265370794871944,
        "output_throughput_per_gpu_tok_s": 190.18393306017768,
        "request_latency_percentiles_ms": {
            "p50": 30785.409967,
            "p90": 31001.050892,
            "p95": 58821.841780999996,
            "p99": 144795.298637,
            "minimum": 18665.66811,
            "maximum": 306926.291668,
            "average": 34786.688563319665
        }
    },
    "streaming_metrics": {
        "token_output_speed_tok_s": 5.355220910274669,
        "avg_ttft_ms": 826.2690989969999,
        "avg_tpot_ms": 186.73365987225165,
        "tpot_percentiles": {
            "p50": 188.6260639875,
            "p90": 189.89174818125,
            "p95": 190.05440363749997,
            "p99": 190.32232336250001,
            "minimum": 165.26371255,
            "maximum": 190.772702975,
            "average": 186.73365987225165
        },
        "ttft_percentiles": {
            "p50": 572.807989,
            "p90": 787.9719719999999,
            "p95": 3600.1837809999997,
            "p99": 4236.523872,
            "minimum": 486.26115599999997,
            "maximum": 4348.715472,
            "average": 826.2690989969999
        }
    },
    "dataset": {
        "isl_stats": {
            "p50": 298.0,
            "p90": 766.0,
            "p95": 872.0,
            "p99": 1000.0,
            "minimum": 100.0,
            "maximum": 1023.0,
            "average": 369.905
        },
        "osl_stats": {
            "p50": 310.0,
            "p90": 738.0,
            "p95": 813.0,
            "p99": 1152.0,
            "minimum": 100.0,
            "maximum": 1843.0,
            "average": 372.16266666666667
        },
        "seq_len_stats": {
            "p50": 670.0,
            "p90": 1238.0,
            "p95": 1425.0,
            "p99": 1738.0,
            "minimum": 203.0,
            "maximum": 2009.0,
            "average": 742.0676666666667
        },
        "num_requests": 3000,
        "dataset_path": "/userdata/foo/trtest/dataset-sharegpt.txt",
        "max_isl": 1023,
        "max_osl": 1843,
        "max_sequence_length": 2009,
        "avg_isl": 369,
        "avg_osl": 372,
        "avg_sequence_length": 742
    }
}