{
    "engine": {
        "model": "deepseek-ai/DeepSeek-R1",
        "model_path": "/userdata/llms/DeepSeek-R1-FP4",
        "engine_dir": "None",
        "version": "0.19.0.dev2025041500",
        "backend": "Pytorch",
        "dtype": "bfloat16",
        "kv_cache_dtype": null,
        "quantization": "NVFP4"
    },
    "world_info": {
        "tp_size": 8,
        "pp_size": 1,
        "ep_size": 4,
        "world_size": 8,
        "max_batch_size": 600,
        "max_num_tokens": 1160,
        "scheduling_policy": "GUARANTEED_NO_EVICT",
        "kv_cache_percentage": 80.0,
        "issue_rate": 4.5466501495e+16
    },
    "request_info": {
        "num_requests": 3000,
        "avg_num_concurrent_requests": 455.91747551664787,
        "avg_input_length": 369.905,
        "avg_output_length": 234.549
    },
    "performance": {
        "total_latency_ms": 339200.616665,
        "avg_request_latency_ms": 51549.16294786567,
        "request_throughput_req_s": 8.844323543676952,
        "system_output_throughput_tok_s": 2074.4272428458853,
        "system_total_throughput_tok_s": 5345.986743269708,
        "output_throughput_per_user_tok_s": 4.589285366739541,
        "output_throughput_per_gpu_tok_s": 259.30340535573566,
        "request_latency_percentiles_ms": {
            "p50": 34740.550452999996,
            "p90": 103489.57991999999,
            "p95": 146924.758087,
            "p99": 194037.30307,
            "minimum": 22044.687389,
            "maximum": 338513.13036999997,
            "average": 51549.16294786567
        }
    },
    "streaming_metrics": {
        "token_output_speed_tok_s": 4.8361742503294884,
        "avg_ttft_ms": 3392.1417960616664,
        "avg_tpot_ms": 206.7750143477295,
        "tpot_percentiles": {
            "p50": 210.03385542666666,
            "p90": 213.87607009375,
            "p95": 214.13695205,
            "p99": 215.20594938124998,
            "minimum": 178.79725475625,
            "maximum": 217.29285961875,
            "average": 206.7750143477295
        },
        "ttft_percentiles": {
            "p50": 648.202539,
            "p90": 11501.646209999999,
            "p95": 12215.161379,
            "p99": 12597.327468,
            "minimum": 451.77707399999997,
            "maximum": 12876.605287,
            "average": 3392.1417960616664
        }
    },
    "dataset": {
        "isl_stats": {
            "p50": 298.0,
            "p90": 766.0,
            "p95": 872.0,
            "p99": 1000.0,
            "minimum": 100.0,
            "maximum": 1023.0,
            "average": 369.905
        },
        "osl_stats": {
            "p50": 310.0,
            "p90": 738.0,
            "p95": 813.0,
            "p99": 1152.0,
            "minimum": 100.0,
            "maximum": 1843.0,
            "average": 372.16266666666667
        },
        "seq_len_stats": {
            "p50": 670.0,
            "p90": 1238.0,
            "p95": 1425.0,
            "p99": 1738.0,
            "minimum": 203.0,
            "maximum": 2009.0,
            "average": 742.0676666666667
        },
        "num_requests": 3000,
        "dataset_path": "/userdata/foo/trtest/dataset-sharegpt.txt",
        "max_isl": 1023,
        "max_osl": 1843,
        "max_sequence_length": 2009,
        "avg_isl": 369,
        "avg_osl": 372,
        "avg_sequence_length": 742
    }
}