{
    "engine": {
        "model": "deepseek-ai/DeepSeek-R1",
        "model_path": "/userdata/llms/DeepSeek-R1-FP4",
        "engine_dir": "None",
        "version": "0.19.0.dev2025041500",
        "backend": "Pytorch",
        "dtype": "bfloat16",
        "kv_cache_dtype": null,
        "quantization": "NVFP4"
    },
    "world_info": {
        "tp_size": 8,
        "pp_size": 1,
        "ep_size": 4,
        "world_size": 8,
        "max_batch_size": 600,
        "max_num_tokens": 1160,
        "scheduling_policy": "GUARANTEED_NO_EVICT",
        "kv_cache_percentage": 80.0,
        "issue_rate": 4.531638826866667e+16
    },
    "request_info": {
        "num_requests": 3000,
        "avg_num_concurrent_requests": 456.3899638101698,
        "avg_input_length": 369.905,
        "avg_output_length": 234.549
    },
    "performance": {
        "total_latency_ms": 337484.861256,
        "avg_request_latency_ms": 51341.567871702,
        "request_throughput_req_s": 8.889287622665666,
        "system_output_throughput_tok_s": 2084.973522608609,
        "system_total_throughput_tok_s": 5373.165460670752,
        "output_throughput_per_user_tok_s": 4.603423317357724,
        "output_throughput_per_gpu_tok_s": 260.62169032607613,
        "request_latency_percentiles_ms": {
            "p50": 34748.747372,
            "p90": 102855.270924,
            "p95": 146350.972727,
            "p99": 193084.97013,
            "minimum": 21783.297165,
            "maximum": 336678.413382,
            "average": 51341.567871702
        }
    },
    "streaming_metrics": {
        "token_output_speed_tok_s": 4.850470190602356,
        "avg_ttft_ms": 3350.3675462226665,
        "avg_tpot_ms": 206.16557997562194,
        "tpot_percentiles": {
            "p50": 208.82807790330187,
            "p90": 213.91496415625,
            "p95": 214.7076218,
            "p99": 214.9942644875,
            "minimum": 177.72794125,
            "maximum": 215.5867248125,
            "average": 206.16557997562194
        },
        "ttft_percentiles": {
            "p50": 646.924685,
            "p90": 11268.504717,
            "p95": 11952.510294,
            "p99": 12356.285088999999,
            "minimum": 500.752442,
            "maximum": 12693.537918,
            "average": 3350.3675462226665
        }
    },
    "dataset": {
        "isl_stats": {
            "p50": 298.0,
            "p90": 766.0,
            "p95": 872.0,
            "p99": 1000.0,
            "minimum": 100.0,
            "maximum": 1023.0,
            "average": 369.905
        },
        "osl_stats": {
            "p50": 310.0,
            "p90": 738.0,
            "p95": 813.0,
            "p99": 1152.0,
            "minimum": 100.0,
            "maximum": 1843.0,
            "average": 372.16266666666667
        },
        "seq_len_stats": {
            "p50": 670.0,
            "p90": 1238.0,
            "p95": 1425.0,
            "p99": 1738.0,
            "minimum": 203.0,
            "maximum": 2009.0,
            "average": 742.0676666666667
        },
        "num_requests": 3000,
        "dataset_path": "/userdata/foo/trtest/dataset-sharegpt.txt",
        "max_isl": 1023,
        "max_osl": 1843,
        "max_sequence_length": 2009,
        "avg_isl": 369,
        "avg_osl": 372,
        "avg_sequence_length": 742
    }
}