{
    "engine": {
        "model": "deepseek-ai/DeepSeek-R1",
        "model_path": "/userdata/llms/DeepSeek-R1-FP4",
        "engine_dir": "None",
        "version": "0.19.0.dev2025041500",
        "backend": "Pytorch",
        "dtype": "bfloat16",
        "kv_cache_dtype": null,
        "quantization": "NVFP4"
    },
    "world_info": {
        "tp_size": 8,
        "pp_size": 1,
        "ep_size": 4,
        "world_size": 8,
        "max_batch_size": 600,
        "max_num_tokens": 1160,
        "scheduling_policy": "GUARANTEED_NO_EVICT",
        "kv_cache_percentage": 80.0,
        "issue_rate": 6.3816493406e+16
    },
    "request_info": {
        "num_requests": 3000,
        "avg_num_concurrent_requests": 408.17783105704285,
        "avg_input_length": 369.905,
        "avg_output_length": 204.21066666666667
    },
    "performance": {
        "total_latency_ms": 302685.327946,
        "avg_request_latency_ms": 41183.146884596,
        "request_throughput_req_s": 9.911283180978,
        "system_output_throughput_tok_s": 2023.989745909638,
        "system_total_throughput_tok_s": 5690.222950969305,
        "output_throughput_per_user_tok_s": 4.981413965457105,
        "output_throughput_per_gpu_tok_s": 252.99871823870475,
        "request_latency_percentiles_ms": {
            "p50": 32541.55039,
            "p90": 66049.67045599999,
            "p95": 105376.81550099999,
            "p99": 167539.72276499998,
            "minimum": 20127.716392,
            "maximum": 302332.493608,
            "average": 41183.146884596
        }
    },
    "streaming_metrics": {
        "token_output_speed_tok_s": 5.133430933027727,
        "avg_ttft_ms": 1639.382661493,
        "avg_tpot_ms": 194.80149105857245,
        "tpot_percentiles": {
            "p50": 198.50582955625,
            "p90": 200.68305504375,
            "p95": 201.94963294999997,
            "p99": 202.41934021875,
            "minimum": 171.34581803749998,
            "maximum": 202.529886,
            "average": 194.80149105857245
        },
        "ttft_percentiles": {
            "p50": 602.2398549999999,
            "p90": 6515.62046,
            "p95": 7524.086383,
            "p99": 7995.276108999999,
            "minimum": 499.39179099999996,
            "maximum": 8121.086259,
            "average": 1639.382661493
        }
    },
    "dataset": {
        "isl_stats": {
            "p50": 298.0,
            "p90": 766.0,
            "p95": 872.0,
            "p99": 1000.0,
            "minimum": 100.0,
            "maximum": 1023.0,
            "average": 369.905
        },
        "osl_stats": {
            "p50": 310.0,
            "p90": 738.0,
            "p95": 813.0,
            "p99": 1152.0,
            "minimum": 100.0,
            "maximum": 1843.0,
            "average": 372.16266666666667
        },
        "seq_len_stats": {
            "p50": 670.0,
            "p90": 1238.0,
            "p95": 1425.0,
            "p99": 1738.0,
            "minimum": 203.0,
            "maximum": 2009.0,
            "average": 742.0676666666667
        },
        "num_requests": 3000,
        "dataset_path": "/userdata/foo/trtest/dataset-sharegpt.txt",
        "max_isl": 1023,
        "max_osl": 1843,
        "max_sequence_length": 2009,
        "avg_isl": 369,
        "avg_osl": 372,
        "avg_sequence_length": 742
    }
}