{
    "engine": {
        "model": "deepseek-ai/DeepSeek-R1",
        "model_path": "/userdata/llms/DeepSeek-R1-FP4",
        "engine_dir": "None",
        "version": "0.19.0.dev2025041500",
        "backend": "Pytorch",
        "dtype": "bfloat16",
        "kv_cache_dtype": null,
        "quantization": "NVFP4"
    },
    "world_info": {
        "tp_size": 8,
        "pp_size": 1,
        "ep_size": 4,
        "world_size": 8,
        "max_batch_size": 300,
        "max_num_tokens": 1160,
        "scheduling_policy": "GUARANTEED_NO_EVICT",
        "kv_cache_percentage": 80.0,
        "issue_rate": 1.1147246161666666e+17
    },
    "request_info": {
        "num_requests": 3000,
        "avg_num_concurrent_requests": 288.8863106954861,
        "avg_input_length": 369.905,
        "avg_output_length": 183.15933333333334
    },
    "performance": {
        "total_latency_ms": 361573.254914,
        "avg_request_latency_ms": 34817.85455275467,
        "request_throughput_req_s": 8.297073854960729,
        "system_output_throughput_tok_s": 1519.686515892037,
        "system_total_throughput_tok_s": 4588.815620211285,
        "output_throughput_per_user_tok_s": 5.262773330659722,
        "output_throughput_per_gpu_tok_s": 189.96081448650463,
        "request_latency_percentiles_ms": {
            "p50": 30774.743054,
            "p90": 31009.226501999998,
            "p95": 59193.935889,
            "p99": 145425.56434799999,
            "minimum": 18861.926258,
            "maximum": 307312.410322,
            "average": 34817.85455275467
        }
    },
    "streaming_metrics": {
        "token_output_speed_tok_s": 5.353927433545396,
        "avg_ttft_ms": 836.2727098333334,
        "avg_tpot_ms": 186.77877360354793,
        "tpot_percentiles": {
            "p50": 188.63455351875,
            "p90": 189.7593876625,
            "p95": 190.039959925,
            "p99": 190.41510288749998,
            "minimum": 166.3488918375,
            "maximum": 190.77473931875,
            "average": 186.77877360354793
        },
        "ttft_percentiles": {
            "p50": 572.214075,
            "p90": 795.8457609999999,
            "p95": 3709.9420059999998,
            "p99": 4321.5305849999995,
            "minimum": 479.410572,
            "maximum": 4436.480194,
            "average": 836.2727098333334
        }
    },
    "dataset": {
        "isl_stats": {
            "p50": 298.0,
            "p90": 766.0,
            "p95": 872.0,
            "p99": 1000.0,
            "minimum": 100.0,
            "maximum": 1023.0,
            "average": 369.905
        },
        "osl_stats": {
            "p50": 310.0,
            "p90": 738.0,
            "p95": 813.0,
            "p99": 1152.0,
            "minimum": 100.0,
            "maximum": 1843.0,
            "average": 372.16266666666667
        },
        "seq_len_stats": {
            "p50": 670.0,
            "p90": 1238.0,
            "p95": 1425.0,
            "p99": 1738.0,
            "minimum": 203.0,
            "maximum": 2009.0,
            "average": 742.0676666666667
        },
        "num_requests": 3000,
        "dataset_path": "/userdata/foo/trtest/dataset-sharegpt.txt",
        "max_isl": 1023,
        "max_osl": 1843,
        "max_sequence_length": 2009,
        "avg_isl": 369,
        "avg_osl": 372,
        "avg_sequence_length": 742
    }
}