{
    "engine": {
        "model": "deepseek-ai/DeepSeek-R1",
        "model_path": "/userdata/llms/DeepSeek-R1-FP4",
        "engine_dir": "None",
        "version": "0.19.0.dev2025041500",
        "backend": "Pytorch",
        "dtype": "bfloat16",
        "kv_cache_dtype": null,
        "quantization": "NVFP4"
    },
    "world_info": {
        "tp_size": 8,
        "pp_size": 1,
        "ep_size": 4,
        "world_size": 8,
        "max_batch_size": 300,
        "max_num_tokens": 1160,
        "scheduling_policy": "GUARANTEED_NO_EVICT",
        "kv_cache_percentage": 80.0,
        "issue_rate": 1.1111013231966667e+17
    },
    "request_info": {
        "num_requests": 3000,
        "avg_num_concurrent_requests": 288.93859951826397,
        "avg_input_length": 369.905,
        "avg_output_length": 183.15933333333334
    },
    "performance": {
        "total_latency_ms": 360212.394507,
        "avg_request_latency_ms": 34693.088265991,
        "request_throughput_req_s": 8.328419692792389,
        "system_output_throughput_tok_s": 1525.427798652059,
        "system_total_throughput_tok_s": 4606.151885114428,
        "output_throughput_per_user_tok_s": 5.280031376155302,
        "output_throughput_per_gpu_tok_s": 190.67847483150737,
        "request_latency_percentiles_ms": {
            "p50": 30688.586032,
            "p90": 30986.218857,
            "p95": 58865.996521,
            "p99": 144326.890318,
            "minimum": 18704.834528,
            "maximum": 306287.866735,
            "average": 34693.088265991
        }
    },
    "streaming_metrics": {
        "token_output_speed_tok_s": 5.369624231770219,
        "avg_ttft_ms": 820.364078146,
        "avg_tpot_ms": 186.23277101651624,
        "tpot_percentiles": {
            "p50": 188.05915418749998,
            "p90": 189.47614971874998,
            "p95": 189.83466768125,
            "p99": 190.12798949375,
            "minimum": 164.740234925,
            "maximum": 190.7485621375,
            "average": 186.23277101651624
        },
        "ttft_percentiles": {
            "p50": 570.3653029999999,
            "p90": 781.286692,
            "p95": 3573.623561,
            "p99": 4184.445291,
            "minimum": 478.092339,
            "maximum": 4298.613512,
            "average": 820.364078146
        }
    },
    "dataset": {
        "isl_stats": {
            "p50": 298.0,
            "p90": 766.0,
            "p95": 872.0,
            "p99": 1000.0,
            "minimum": 100.0,
            "maximum": 1023.0,
            "average": 369.905
        },
        "osl_stats": {
            "p50": 310.0,
            "p90": 738.0,
            "p95": 813.0,
            "p99": 1152.0,
            "minimum": 100.0,
            "maximum": 1843.0,
            "average": 372.16266666666667
        },
        "seq_len_stats": {
            "p50": 670.0,
            "p90": 1238.0,
            "p95": 1425.0,
            "p99": 1738.0,
            "minimum": 203.0,
            "maximum": 2009.0,
            "average": 742.0676666666667
        },
        "num_requests": 3000,
        "dataset_path": "/userdata/foo/trtest/dataset-sharegpt.txt",
        "max_isl": 1023,
        "max_osl": 1843,
        "max_sequence_length": 2009,
        "avg_isl": 369,
        "avg_osl": 372,
        "avg_sequence_length": 742
    }
}