{
    "engine": {
        "model": "deepseek-ai/DeepSeek-R1",
        "model_path": "/userdata/llms/DeepSeek-R1-FP4",
        "engine_dir": "None",
        "version": "0.19.0.dev2025041500",
        "backend": "Pytorch",
        "dtype": "bfloat16",
        "kv_cache_dtype": null,
        "quantization": "NVFP4"
    },
    "world_info": {
        "tp_size": 8,
        "pp_size": 1,
        "ep_size": 4,
        "world_size": 8,
        "max_batch_size": 300,
        "max_num_tokens": 1160,
        "scheduling_policy": "GUARANTEED_NO_EVICT",
        "kv_cache_percentage": 80.0,
        "issue_rate": 5.038860996483333e+17
    },
    "request_info": {
        "num_requests": 3000,
        "avg_num_concurrent_requests": 299.3405113733873,
        "avg_input_length": 1000.0,
        "avg_output_length": 1000.0
    },
    "performance": {
        "total_latency_ms": 1678723.494642,
        "avg_request_latency_ms": 167503.31644688535,
        "request_throughput_req_s": 1.7870721471255586,
        "system_output_throughput_tok_s": 1787.0721471255586,
        "system_total_throughput_tok_s": 3574.144294251117,
        "output_throughput_per_user_tok_s": 5.970233233877292,
        "output_throughput_per_gpu_tok_s": 223.38401839069482,
        "request_latency_percentiles_ms": {
            "p50": 167168.854134,
            "p90": 167854.334256,
            "p95": 169479.310008,
            "p99": 172287.103583,
            "minimum": 166162.63767199998,
            "maximum": 173043.41178,
            "average": 167503.31644688535
        }
    },
    "streaming_metrics": {
        "token_output_speed_tok_s": 5.997698699228972,
        "avg_ttft_ms": 939.4308471593333,
        "avg_tpot_ms": 166.73061621594192,
        "tpot_percentiles": {
            "p50": 166.70047058358358,
            "p90": 167.23360125125123,
            "p95": 167.41515155155153,
            "p99": 167.45163813713714,
            "minimum": 165.65290139239238,
            "maximum": 167.48011675775774,
            "average": 166.73061621594192
        },
        "ttft_percentiles": {
            "p50": 590.729476,
            "p90": 1047.829652,
            "p95": 3905.788381,
            "p99": 6794.254865999999,
            "minimum": 531.287559,
            "maximum": 7521.806584999999,
            "average": 939.4308471593333
        }
    },
    "dataset": {
        "isl_stats": {
            "p50": 1000.0,
            "p90": 1000.0,
            "p95": 1000.0,
            "p99": 1000.0,
            "minimum": 1000.0,
            "maximum": 1000.0,
            "average": 1000.0
        },
        "osl_stats": {
            "p50": 1000.0,
            "p90": 1000.0,
            "p95": 1000.0,
            "p99": 1000.0,
            "minimum": 1000.0,
            "maximum": 1000.0,
            "average": 1000.0
        },
        "seq_len_stats": {
            "p50": 2000.0,
            "p90": 2000.0,
            "p95": 2000.0,
            "p99": 2000.0,
            "minimum": 2000.0,
            "maximum": 2000.0,
            "average": 2000.0
        },
        "num_requests": 3000,
        "dataset_path": "/userdata/foo/trtest/dataset-ds-r1.txt",
        "max_isl": 1000,
        "max_osl": 1000,
        "max_sequence_length": 2000,
        "avg_isl": 1000,
        "avg_osl": 1000,
        "avg_sequence_length": 2000
    }
}