{
    "engine": {
        "model": "deepseek-ai/DeepSeek-R1",
        "model_path": "/userdata/llms/DeepSeek-R1-FP4",
        "engine_dir": "None",
        "version": "0.19.0.dev2025041500",
        "backend": "Pytorch",
        "dtype": "bfloat16",
        "kv_cache_dtype": null,
        "quantization": "NVFP4"
    },
    "world_info": {
        "tp_size": 8,
        "pp_size": 1,
        "ep_size": 4,
        "world_size": 8,
        "max_batch_size": 100,
        "max_num_tokens": 1160,
        "scheduling_policy": "GUARANTEED_NO_EVICT",
        "kv_cache_percentage": 80.0,
        "issue_rate": 4.985860775956666e+17
    },
    "request_info": {
        "num_requests": 3000,
        "avg_num_concurrent_requests": 299.36424813883815,
        "avg_input_length": 1000.0,
        "avg_output_length": 1000.0
    },
    "performance": {
        "total_latency_ms": 1660561.191981,
        "avg_request_latency_ms": 165704.2175753083,
        "request_throughput_req_s": 1.8066181568540027,
        "system_output_throughput_tok_s": 1806.6181568540028,
        "system_total_throughput_tok_s": 3613.2363137080056,
        "output_throughput_per_user_tok_s": 6.035171344182165,
        "output_throughput_per_gpu_tok_s": 225.82726960675035,
        "request_latency_percentiles_ms": {
            "p50": 165279.52674899998,
            "p90": 165814.294452,
            "p95": 168694.805157,
            "p99": 171516.65229899998,
            "minimum": 164802.902259,
            "maximum": 172264.235748,
            "average": 165704.2175753083
        }
    },
    "streaming_metrics": {
        "token_output_speed_tok_s": 6.06269648615469,
        "avg_ttft_ms": 926.0528953833333,
        "avg_tpot_ms": 164.94310778771268,
        "tpot_percentiles": {
            "p50": 164.86161775675674,
            "p90": 165.36812906806804,
            "p95": 165.3850181021021,
            "p99": 165.40332672872873,
            "minimum": 164.41041086486484,
            "maximum": 165.42588867267264,
            "average": 164.94310778771268
        },
        "ttft_percentiles": {
            "p50": 577.168816,
            "p90": 867.05899,
            "p95": 3864.7133249999997,
            "p99": 6760.326411999999,
            "minimum": 510.45937899999996,
            "maximum": 7476.593076,
            "average": 926.0528953833333
        }
    },
    "dataset": {
        "isl_stats": {
            "p50": 1000.0,
            "p90": 1000.0,
            "p95": 1000.0,
            "p99": 1000.0,
            "minimum": 1000.0,
            "maximum": 1000.0,
            "average": 1000.0
        },
        "osl_stats": {
            "p50": 1000.0,
            "p90": 1000.0,
            "p95": 1000.0,
            "p99": 1000.0,
            "minimum": 1000.0,
            "maximum": 1000.0,
            "average": 1000.0
        },
        "seq_len_stats": {
            "p50": 2000.0,
            "p90": 2000.0,
            "p95": 2000.0,
            "p99": 2000.0,
            "minimum": 2000.0,
            "maximum": 2000.0,
            "average": 2000.0
        },
        "num_requests": 3000,
        "dataset_path": "/userdata/foo/trtest/dataset-ds-r1.txt",
        "max_isl": 1000,
        "max_osl": 1000,
        "max_sequence_length": 2000,
        "avg_isl": 1000,
        "avg_osl": 1000,
        "avg_sequence_length": 2000
    }
}