{
    "engine": {
        "model": "deepseek-ai/DeepSeek-R1",
        "model_path": "/userdata/llms/DeepSeek-R1-FP4",
        "engine_dir": "None",
        "version": "0.19.0.dev2025041500",
        "backend": "Pytorch",
        "dtype": "bfloat16",
        "kv_cache_dtype": null,
        "quantization": "NVFP4"
    },
    "world_info": {
        "tp_size": 8,
        "pp_size": 1,
        "ep_size": 4,
        "world_size": 8,
        "max_batch_size": 100,
        "max_num_tokens": 1160,
        "scheduling_policy": "GUARANTEED_NO_EVICT",
        "kv_cache_percentage": 80.0,
        "issue_rate": 1.5616420632293335e+18
    },
    "request_info": {
        "num_requests": 3000,
        "avg_num_concurrent_requests": 99.97521466951909,
        "avg_input_length": 1000.0,
        "avg_output_length": 1000.0
    },
    "performance": {
        "total_latency_ms": 4846774.036703,
        "avg_request_latency_ms": 161519.09159134465,
        "request_throughput_req_s": 0.6189684060535942,
        "system_output_throughput_tok_s": 618.9684060535941,
        "system_total_throughput_tok_s": 1237.9368121071882,
        "output_throughput_per_user_tok_s": 6.191339538067806,
        "output_throughput_per_gpu_tok_s": 77.37105075669926,
        "request_latency_percentiles_ms": {
            "p50": 161469.254319,
            "p90": 162352.996815,
            "p95": 162410.378114,
            "p99": 164291.176611,
            "minimum": 160460.974746,
            "maximum": 165049.286198,
            "average": 161519.09159134465
        }
    },
    "streaming_metrics": {
        "token_output_speed_tok_s": 6.20869406787977,
        "avg_ttft_ms": 615.6891885343333,
        "avg_tpot_ms": 161.06446686968002,
        "tpot_percentiles": {
            "p50": 161.05215847247246,
            "p90": 161.93808195995996,
            "p95": 162.00165327927928,
            "p99": 162.2377475165165,
            "minimum": 160.06569663163162,
            "maximum": 162.2821628988989,
            "average": 161.06446686968002
        },
        "ttft_percentiles": {
            "p50": 573.108297,
            "p90": 604.773367,
            "p95": 633.7052299999999,
            "p99": 2210.556185,
            "minimum": 476.321489,
            "maximum": 3361.9169119999997,
            "average": 615.6891885343333
        }
    },
    "dataset": {
        "isl_stats": {
            "p50": 1000.0,
            "p90": 1000.0,
            "p95": 1000.0,
            "p99": 1000.0,
            "minimum": 1000.0,
            "maximum": 1000.0,
            "average": 1000.0
        },
        "osl_stats": {
            "p50": 1000.0,
            "p90": 1000.0,
            "p95": 1000.0,
            "p99": 1000.0,
            "minimum": 1000.0,
            "maximum": 1000.0,
            "average": 1000.0
        },
        "seq_len_stats": {
            "p50": 2000.0,
            "p90": 2000.0,
            "p95": 2000.0,
            "p99": 2000.0,
            "minimum": 2000.0,
            "maximum": 2000.0,
            "average": 2000.0
        },
        "num_requests": 3000,
        "dataset_path": "/userdata/foo/trtest/dataset-ds-r1.txt",
        "max_isl": 1000,
        "max_osl": 1000,
        "max_sequence_length": 2000,
        "avg_isl": 1000,
        "avg_osl": 1000,
        "avg_sequence_length": 2000
    }
}