{
    "engine": {
        "model": "deepseek-ai/DeepSeek-R1",
        "model_path": "/userdata/llms/DeepSeek-R1-FP4",
        "engine_dir": "None",
        "version": "0.19.0.dev2025041500",
        "backend": "Pytorch",
        "dtype": "bfloat16",
        "kv_cache_dtype": null,
        "quantization": "NVFP4"
    },
    "world_info": {
        "tp_size": 8,
        "pp_size": 1,
        "ep_size": 4,
        "world_size": 8,
        "max_batch_size": 300,
        "max_num_tokens": 1160,
        "scheduling_policy": "GUARANTEED_NO_EVICT",
        "kv_cache_percentage": 80.0,
        "issue_rate": 2.333421182556667e+17
    },
    "request_info": {
        "num_requests": 3000,
        "avg_num_concurrent_requests": 595.0377758985677,
        "avg_input_length": 1000.0,
        "avg_output_length": 1000.0
    },
    "performance": {
        "total_latency_ms": 868873.1335989999,
        "avg_request_latency_ms": 172337.4456515893,
        "request_throughput_req_s": 3.452748029592721,
        "system_output_throughput_tok_s": 3452.7480295927207,
        "system_total_throughput_tok_s": 6905.4960591854415,
        "output_throughput_per_user_tok_s": 5.804626342331499,
        "output_throughput_per_gpu_tok_s": 431.5935036990901,
        "request_latency_percentiles_ms": {
            "p50": 171259.082026,
            "p90": 177611.031146,
            "p95": 181223.92273299998,
            "p99": 184161.64664599998,
            "minimum": 168846.398138,
            "maximum": 184743.486334,
            "average": 172337.4456515893
        }
    },
    "streaming_metrics": {
        "token_output_speed_tok_s": 5.867292031616135,
        "avg_ttft_ms": 2071.5044615396664,
        "avg_tpot_ms": 170.43637756761728,
        "tpot_percentiles": {
            "p50": 170.1570676056056,
            "p90": 171.8465539239239,
            "p95": 171.87814789289288,
            "p99": 171.9215995965966,
            "minimum": 168.47161009909908,
            "maximum": 172.26996175275275,
            "average": 170.43637756761728
        },
        "ttft_percentiles": {
            "p50": 602.3911519999999,
            "p90": 7666.519974999999,
            "p95": 11363.298707,
            "p99": 14320.983999,
            "minimum": 532.340296,
            "maximum": 14899.144306,
            "average": 2071.5044615396664
        }
    },
    "dataset": {
        "isl_stats": {
            "p50": 1000.0,
            "p90": 1000.0,
            "p95": 1000.0,
            "p99": 1000.0,
            "minimum": 1000.0,
            "maximum": 1000.0,
            "average": 1000.0
        },
        "osl_stats": {
            "p50": 1000.0,
            "p90": 1000.0,
            "p95": 1000.0,
            "p99": 1000.0,
            "minimum": 1000.0,
            "maximum": 1000.0,
            "average": 1000.0
        },
        "seq_len_stats": {
            "p50": 2000.0,
            "p90": 2000.0,
            "p95": 2000.0,
            "p99": 2000.0,
            "minimum": 2000.0,
            "maximum": 2000.0,
            "average": 2000.0
        },
        "num_requests": 3000,
        "dataset_path": "/userdata/foo/trtest/dataset-ds-r1.txt",
        "max_isl": 1000,
        "max_osl": 1000,
        "max_sequence_length": 2000,
        "avg_isl": 1000,
        "avg_osl": 1000,
        "avg_sequence_length": 2000
    }
}