{
    "engine": {
        "model": "deepseek-ai/DeepSeek-R1",
        "model_path": "/userdata/llms/DeepSeek-R1-FP4",
        "engine_dir": "None",
        "version": "0.19.0.dev2025040800",
        "backend": "Pytorch",
        "dtype": "bfloat16",
        "kv_cache_dtype": null,
        "quantization": "NVFP4"
    },
    "world_info": {
        "tp_size": 8,
        "pp_size": 1,
        "ep_size": 4,
        "world_size": 8,
        "max_batch_size": 300,
        "max_num_tokens": 1160,
        "scheduling_policy": "Guaranteed No Evict",
        "kv_cache_percentage": 80.0,
        "issue_rate": 3.788357433646666e+17
    },
    "request_info": {
        "num_requests": 3000,
        "avg_num_concurrent_requests": 595.218802901208,
        "avg_input_length": 1000.0,
        "avg_output_length": 1000.0
    },
    "performance": {
        "total_latency_ms": 1416049.1584909998,
        "avg_request_latency_ms": 280953.02832209197,
        "request_throughput_req_s": 2.1185705185524233,
        "system_output_throughput_tok_s": 2118.570518552423,
        "output_throughput_per_user_tok_s": 3.5606713907328125,
        "output_throughput_per_gpu_tok_s": 264.8213148190529,
        "request_latency_percentiles_ms": {
            "p50": 279486.250602,
            "p90": 290520.043587,
            "p95": 295700.654406,
            "p99": 300386.323787,
            "minimum": 276371.837341,
            "maximum": 301505.37105099997,
            "average": 280953.02832209197
        }
    },
    "streaming_metrics": {
        "token_output_speed_tok_s": 3.5959563937369756,
        "avg_ttft_ms": 3140.9831760653333,
        "avg_tpot_ms": 278.090135281308,
        "tpot_percentiles": {
            "p50": 278.491504021021,
            "p90": 279.4841997257257,
            "p95": 279.5998185775776,
            "p99": 279.7965187417417,
            "minimum": 275.58157119419417,
            "maximum": 280.0590292832833,
            "average": 278.090135281308
        },
        "ttft_percentiles": {
            "p50": 1066.1421559999999,
            "p90": 11661.750544999999,
            "p95": 17849.853261,
            "p99": 22361.044715,
            "minimum": 569.941183,
            "maximum": 23449.954917,
            "average": 3140.9831760653333
        }
    },
    "dataset": {
        "isl_stats": {
            "p50": 1000.0,
            "p90": 1000.0,
            "p95": 1000.0,
            "p99": 1000.0,
            "minimum": 1000.0,
            "maximum": 1000.0,
            "average": 1000.0
        },
        "osl_stats": {
            "p50": 1000.0,
            "p90": 1000.0,
            "p95": 1000.0,
            "p99": 1000.0,
            "minimum": 1000.0,
            "maximum": 1000.0,
            "average": 1000.0
        },
        "seq_len_stats": {
            "p50": 2000.0,
            "p90": 2000.0,
            "p95": 2000.0,
            "p99": 2000.0,
            "minimum": 2000.0,
            "maximum": 2000.0,
            "average": 2000.0
        },
        "num_requests": 3000,
        "dataset_path": "/userdata/foo/trtest/dataset-ds-r1.txt",
        "max_isl": 1000,
        "max_osl": 1000,
        "max_sequence_length": 2000,
        "avg_isl": 1000,
        "avg_osl": 1000,
        "avg_sequence_length": 2000
    }
}