{
    "engine": {
        "model": "deepseek-ai/DeepSeek-R1",
        "model_path": "/userdata/llms/DeepSeek-R1-FP4",
        "engine_dir": "None",
        "version": "0.19.0.dev2025040800",
        "backend": "Pytorch",
        "dtype": "bfloat16",
        "kv_cache_dtype": null,
        "quantization": "NVFP4"
    },
    "world_info": {
        "tp_size": 8,
        "pp_size": 1,
        "ep_size": 4,
        "world_size": 8,
        "max_batch_size": 600,
        "max_num_tokens": 1160,
        "scheduling_policy": "Guaranteed No Evict",
        "kv_cache_percentage": 80.0,
        "issue_rate": 9.600291167466667e+16
    },
    "request_info": {
        "num_requests": 3000,
        "avg_num_concurrent_requests": 399.03785073780705,
        "avg_input_length": 369.905,
        "avg_output_length": 204.21066666666667
    },
    "performance": {
        "total_latency_ms": 468970.87682899996,
        "avg_request_latency_ms": 62379.043582823,
        "request_throughput_req_s": 6.3969857153707315,
        "system_output_throughput_tok_s": 1306.3327175930006,
        "output_throughput_per_user_tok_s": 3.289802783332367,
        "output_throughput_per_gpu_tok_s": 163.29158969912507,
        "request_latency_percentiles_ms": {
            "p50": 48659.592292,
            "p90": 101065.07354699999,
            "p95": 160651.66296,
            "p99": 252657.610386,
            "minimum": 30844.346499,
            "maximum": 468619.558265,
            "average": 62379.043582823
        }
    },
    "streaming_metrics": {
        "token_output_speed_tok_s": 3.3829898097469187,
        "avg_ttft_ms": 2294.6237301103333,
        "avg_tpot_ms": 295.596515578866,
        "tpot_percentiles": {
            "p50": 297.3360950875,
            "p90": 300.7717933,
            "p95": 301.549177175,
            "p99": 303.407767975,
            "minimum": 275.58044392,
            "maximum": 304.2525074875,
            "average": 295.596515578866
        },
        "ttft_percentiles": {
            "p50": 1052.4734839999999,
            "p90": 8849.002943,
            "p95": 10392.617124999999,
            "p99": 11324.409203,
            "minimum": 565.3143289999999,
            "maximum": 11647.247635,
            "average": 2294.6237301103333
        }
    },
    "dataset": {
        "isl_stats": {
            "p50": 298.0,
            "p90": 766.0,
            "p95": 872.0,
            "p99": 1000.0,
            "minimum": 100.0,
            "maximum": 1023.0,
            "average": 369.905
        },
        "osl_stats": {
            "p50": 310.0,
            "p90": 738.0,
            "p95": 813.0,
            "p99": 1152.0,
            "minimum": 100.0,
            "maximum": 1843.0,
            "average": 372.16266666666667
        },
        "seq_len_stats": {
            "p50": 670.0,
            "p90": 1238.0,
            "p95": 1425.0,
            "p99": 1738.0,
            "minimum": 203.0,
            "maximum": 2009.0,
            "average": 742.0676666666667
        },
        "num_requests": 3000,
        "dataset_path": "/userdata/foo/trtest/dataset-sharegpt.txt",
        "max_isl": 1023,
        "max_osl": 1843,
        "max_sequence_length": 2009,
        "avg_isl": 369,
        "avg_osl": 372,
        "avg_sequence_length": 742
    }
}