{
    "engine": {
        "model": "deepseek-ai/DeepSeek-R1",
        "model_path": "/userdata/llms/DeepSeek-R1-FP4",
        "engine_dir": "None",
        "version": "0.19.0.dev2025040800",
        "backend": "Pytorch",
        "dtype": "bfloat16",
        "kv_cache_dtype": null,
        "quantization": "NVFP4"
    },
    "world_info": {
        "tp_size": 8,
        "pp_size": 1,
        "ep_size": 4,
        "world_size": 8,
        "max_batch_size": 300,
        "max_num_tokens": 1160,
        "scheduling_policy": "Guaranteed No Evict",
        "kv_cache_percentage": 80.0,
        "issue_rate": 1.71599710035e+17
    },
    "request_info": {
        "num_requests": 3000,
        "avg_num_concurrent_requests": 288.71025234119344,
        "avg_input_length": 369.905,
        "avg_output_length": 183.15933333333334
    },
    "performance": {
        "total_latency_ms": 557585.4516769999,
        "avg_request_latency_ms": 53660.212151815,
        "request_throughput_req_s": 5.380341239135935,
        "system_output_throughput_tok_s": 985.4597144659783,
        "output_throughput_per_user_tok_s": 3.4182866155255875,
        "output_throughput_per_gpu_tok_s": 123.18246430824729,
        "request_latency_percentiles_ms": {
            "p50": 47098.228327,
            "p90": 48914.967248,
            "p95": 91794.374696,
            "p99": 225942.11817899998,
            "minimum": 29771.126261999998,
            "maximum": 473650.714496,
            "average": 53660.212151815
        }
    },
    "streaming_metrics": {
        "token_output_speed_tok_s": 3.4735995774590975,
        "avg_ttft_ms": 1221.7505546983332,
        "avg_tpot_ms": 287.885801947123,
        "tpot_percentiles": {
            "p50": 288.16963523124997,
            "p90": 296.141177075,
            "p95": 298.19242491874996,
            "p99": 301.851360675,
            "minimum": 261.7536430875,
            "maximum": 302.9502216125,
            "average": 287.885801947123
        },
        "ttft_percentiles": {
            "p50": 1002.43453,
            "p90": 1271.405669,
            "p95": 5084.6303179999995,
            "p99": 6196.561142,
            "minimum": 503.161066,
            "maximum": 6423.695831999999,
            "average": 1221.7505546983332
        }
    },
    "dataset": {
        "isl_stats": {
            "p50": 298.0,
            "p90": 766.0,
            "p95": 872.0,
            "p99": 1000.0,
            "minimum": 100.0,
            "maximum": 1023.0,
            "average": 369.905
        },
        "osl_stats": {
            "p50": 310.0,
            "p90": 738.0,
            "p95": 813.0,
            "p99": 1152.0,
            "minimum": 100.0,
            "maximum": 1843.0,
            "average": 372.16266666666667
        },
        "seq_len_stats": {
            "p50": 670.0,
            "p90": 1238.0,
            "p95": 1425.0,
            "p99": 1738.0,
            "minimum": 203.0,
            "maximum": 2009.0,
            "average": 742.0676666666667
        },
        "num_requests": 3000,
        "dataset_path": "/userdata/foo/trtest/dataset-sharegpt.txt",
        "max_isl": 1023,
        "max_osl": 1843,
        "max_sequence_length": 2009,
        "avg_isl": 369,
        "avg_osl": 372,
        "avg_sequence_length": 742
    }
}