{
    "engine": {
        "model": "deepseek-ai/DeepSeek-R1",
        "model_path": "/userdata/llms/DeepSeek-R1-FP4",
        "engine_dir": "None",
        "version": "0.19.0.dev2025032500",
        "backend": "Pytorch",
        "dtype": "bfloat16",
        "kv_cache_dtype": null,
        "quantization": "NVFP4"
    },
    "world_info": {
        "tp_size": 8,
        "pp_size": 1,
        "ep_size": 4,
        "world_size": 8,
        "max_batch_size": 300,
        "max_num_tokens": 1160,
        "scheduling_policy": "Guaranteed No Evict",
        "kv_cache_percentage": 80.0,
        "issue_rate": 1.2565913092833333e+17
    },
    "request_info": {
        "num_requests": 3000,
        "avg_num_concurrent_requests": 289.1209581454603,
        "avg_input_length": 369.905,
        "avg_output_length": 183.15933333333334
    },
    "performance": {
        "total_latency_ms": 408235.380917,
        "avg_request_latency_ms": 39343.13482653333,
        "request_throughput_req_s": 7.348701607541317,
        "system_output_throughput_tok_s": 1345.9832873028627,
        "output_throughput_per_user_tok_s": 4.658385688094005,
        "output_throughput_per_gpu_tok_s": 168.24791091285783,
        "request_latency_percentiles_ms": {
            "p50": 34683.434021,
            "p90": 35206.974079,
            "p95": 67059.368529,
            "p99": 164213.798737,
            "minimum": 21219.876201,
            "maximum": 346750.06448,
            "average": 39343.13482653333
        }
    },
    "streaming_metrics": {
        "token_output_speed_tok_s": 4.735282574098423,
        "avg_ttft_ms": 899.0472564243333,
        "avg_tpot_ms": 211.1806390330139,
        "tpot_percentiles": {
            "p50": 212.702701275,
            "p90": 214.6937273375,
            "p95": 215.08374007499998,
            "p99": 215.85144154374998,
            "minimum": 191.69010011,
            "maximum": 218.14178065,
            "average": 211.1806390330139
        },
        "ttft_percentiles": {
            "p50": 604.655303,
            "p90": 1063.3466489999998,
            "p95": 3476.353197,
            "p99": 4343.91764,
            "minimum": 421.57003399999996,
            "maximum": 4421.020907,
            "average": 899.0472564243333
        }
    },
    "dataset": {
        "isl_stats": {
            "p50": 298.0,
            "p90": 766.0,
            "p95": 872.0,
            "p99": 1000.0,
            "minimum": 100.0,
            "maximum": 1023.0,
            "average": 369.905
        },
        "osl_stats": {
            "p50": 310.0,
            "p90": 738.0,
            "p95": 813.0,
            "p99": 1152.0,
            "minimum": 100.0,
            "maximum": 1843.0,
            "average": 372.16266666666667
        },
        "seq_len_stats": {
            "p50": 670.0,
            "p90": 1238.0,
            "p95": 1425.0,
            "p99": 1738.0,
            "minimum": 203.0,
            "maximum": 2009.0,
            "average": 742.0676666666667
        },
        "num_requests": 3000,
        "dataset_path": "/userdata/foo/trtest/dataset-sharegpt.txt",
        "max_isl": 1023,
        "max_osl": 1843,
        "max_sequence_length": 2009,
        "avg_isl": 369,
        "avg_osl": 372,
        "avg_sequence_length": 742
    }
}