{
    "engine": {
        "model": "deepseek-ai/DeepSeek-R1",
        "model_path": "/userdata/llms/DeepSeek-R1-FP4",
        "engine_dir": "None",
        "version": "0.19.0.dev2025041500",
        "backend": "Pytorch",
        "dtype": "bfloat16",
        "kv_cache_dtype": null,
        "quantization": "NVFP4"
    },
    "world_info": {
        "tp_size": 8,
        "pp_size": 1,
        "ep_size": 4,
        "world_size": 8,
        "max_batch_size": 600,
        "max_num_tokens": 1160,
        "scheduling_policy": "GUARANTEED_NO_EVICT",
        "kv_cache_percentage": 80.0,
        "issue_rate": 2.34154453656e+17
    },
    "request_info": {
        "num_requests": 3000,
        "avg_num_concurrent_requests": 594.9957257301697,
        "avg_input_length": 1000.0,
        "avg_output_length": 1000.0
    },
    "performance": {
        "total_latency_ms": 871806.31617,
        "avg_request_latency_ms": 172907.01059523833,
        "request_throughput_req_s": 3.4411312975794126,
        "system_output_throughput_tok_s": 3441.1312975794126,
        "system_total_throughput_tok_s": 6882.262595158825,
        "output_throughput_per_user_tok_s": 5.785788739076166,
        "output_throughput_per_gpu_tok_s": 430.1414121974266,
        "request_latency_percentiles_ms": {
            "p50": 171817.32028299998,
            "p90": 178725.454504,
            "p95": 182619.306133,
            "p99": 185504.514451,
            "minimum": 169342.801185,
            "maximum": 186123.930248,
            "average": 172907.01059523833
        }
    },
    "streaming_metrics": {
        "token_output_speed_tok_s": 5.847952453938085,
        "avg_ttft_ms": 2077.9883231333333,
        "avg_tpot_ms": 171.00002229439937,
        "tpot_percentiles": {
            "p50": 171.13998688688687,
            "p90": 171.5205835805806,
            "p95": 171.5544354194194,
            "p99": 171.57519595795796,
            "minimum": 168.9150408878879,
            "maximum": 171.99270493993993,
            "average": 171.00002229439937
        },
        "ttft_percentiles": {
            "p50": 607.195779,
            "p90": 7763.5494739999995,
            "p95": 11390.780101,
            "p99": 14238.722362999999,
            "minimum": 522.1936019999999,
            "maximum": 14841.738706,
            "average": 2077.9883231333333
        }
    },
    "dataset": {
        "isl_stats": {
            "p50": 1000.0,
            "p90": 1000.0,
            "p95": 1000.0,
            "p99": 1000.0,
            "minimum": 1000.0,
            "maximum": 1000.0,
            "average": 1000.0
        },
        "osl_stats": {
            "p50": 1000.0,
            "p90": 1000.0,
            "p95": 1000.0,
            "p99": 1000.0,
            "minimum": 1000.0,
            "maximum": 1000.0,
            "average": 1000.0
        },
        "seq_len_stats": {
            "p50": 2000.0,
            "p90": 2000.0,
            "p95": 2000.0,
            "p99": 2000.0,
            "minimum": 2000.0,
            "maximum": 2000.0,
            "average": 2000.0
        },
        "num_requests": 3000,
        "dataset_path": "/userdata/foo/trtest/dataset-ds-r1.txt",
        "max_isl": 1000,
        "max_osl": 1000,
        "max_sequence_length": 2000,
        "avg_isl": 1000,
        "avg_osl": 1000,
        "avg_sequence_length": 2000
    }
}