{
    "engine": {
        "model": "deepseek-ai/DeepSeek-R1",
        "model_path": "/userdata/llms/DeepSeek-R1-FP4",
        "engine_dir": "None",
        "version": "0.19.0.dev2025041500",
        "backend": "Pytorch",
        "dtype": "bfloat16",
        "kv_cache_dtype": null,
        "quantization": "NVFP4"
    },
    "world_info": {
        "tp_size": 8,
        "pp_size": 1,
        "ep_size": 4,
        "world_size": 8,
        "max_batch_size": 300,
        "max_num_tokens": 1160,
        "scheduling_policy": "GUARANTEED_NO_EVICT",
        "kv_cache_percentage": 80.0,
        "issue_rate": 5.040785768643333e+17
    },
    "request_info": {
        "num_requests": 3000,
        "avg_num_concurrent_requests": 299.33988047737745,
        "avg_input_length": 1000.0,
        "avg_output_length": 1000.0
    },
    "performance": {
        "total_latency_ms": 1678630.5445589998,
        "avg_request_latency_ms": 167493.68885798866,
        "request_throughput_req_s": 1.7871711018985077,
        "system_output_throughput_tok_s": 1787.1711018985077,
        "system_total_throughput_tok_s": 3574.3422037970154,
        "output_throughput_per_user_tok_s": 5.970818689371799,
        "output_throughput_per_gpu_tok_s": 223.39638773731346,
        "request_latency_percentiles_ms": {
            "p50": 167468.538128,
            "p90": 167950.41434699998,
            "p95": 170892.21406199998,
            "p99": 173791.930594,
            "minimum": 165762.865388,
            "maximum": 174498.5019,
            "average": 167493.68885798866
        }
    },
    "streaming_metrics": {
        "token_output_speed_tok_s": 5.998006192527767,
        "avg_ttft_ms": 938.3423089069998,
        "avg_tpot_ms": 166.72206861769934,
        "tpot_percentiles": {
            "p50": 167.0022422852853,
            "p90": 167.44527268168167,
            "p95": 167.48120972972973,
            "p99": 167.5211821911912,
            "minimum": 165.35262547147144,
            "maximum": 167.55376977377375,
            "average": 166.72206861769934
        },
        "ttft_percentiles": {
            "p50": 584.558533,
            "p90": 878.175988,
            "p95": 4009.759886,
            "p99": 6953.2266469999995,
            "minimum": 525.182535,
            "maximum": 7659.926133999999,
            "average": 938.3423089069998
        }
    },
    "dataset": {
        "isl_stats": {
            "p50": 1000.0,
            "p90": 1000.0,
            "p95": 1000.0,
            "p99": 1000.0,
            "minimum": 1000.0,
            "maximum": 1000.0,
            "average": 1000.0
        },
        "osl_stats": {
            "p50": 1000.0,
            "p90": 1000.0,
            "p95": 1000.0,
            "p99": 1000.0,
            "minimum": 1000.0,
            "maximum": 1000.0,
            "average": 1000.0
        },
        "seq_len_stats": {
            "p50": 2000.0,
            "p90": 2000.0,
            "p95": 2000.0,
            "p99": 2000.0,
            "minimum": 2000.0,
            "maximum": 2000.0,
            "average": 2000.0
        },
        "num_requests": 3000,
        "dataset_path": "/userdata/foo/trtest/dataset-ds-r1.txt",
        "max_isl": 1000,
        "max_osl": 1000,
        "max_sequence_length": 2000,
        "avg_isl": 1000,
        "avg_osl": 1000,
        "avg_sequence_length": 2000
    }
}