{
    "engine": {
        "model": "deepseek-ai/DeepSeek-R1",
        "model_path": "/userdata/llms/DeepSeek-R1-FP4",
        "engine_dir": "None",
        "version": "0.19.0.dev2025041500",
        "backend": "Pytorch",
        "dtype": "bfloat16",
        "kv_cache_dtype": null,
        "quantization": "NVFP4"
    },
    "world_info": {
        "tp_size": 8,
        "pp_size": 1,
        "ep_size": 4,
        "world_size": 8,
        "max_batch_size": 300,
        "max_num_tokens": 1160,
        "scheduling_policy": "GUARANTEED_NO_EVICT",
        "kv_cache_percentage": 80.0,
        "issue_rate": 4.99022309035e+17
    },
    "request_info": {
        "num_requests": 3000,
        "avg_num_concurrent_requests": 299.34733500195745,
        "avg_input_length": 1000.0,
        "avg_output_length": 1000.0
    },
    "performance": {
        "total_latency_ms": 1662639.5932669998,
        "avg_request_latency_ms": 165902.24377107166,
        "request_throughput_req_s": 1.8043597735484915,
        "system_output_throughput_tok_s": 1804.3597735484914,
        "system_total_throughput_tok_s": 3608.7195470969828,
        "output_throughput_per_user_tok_s": 6.027941709939778,
        "output_throughput_per_gpu_tok_s": 225.54497169356142,
        "request_latency_percentiles_ms": {
            "p50": 165477.892012,
            "p90": 166526.60757599998,
            "p95": 168595.535637,
            "p99": 171546.06079699998,
            "minimum": 165175.315371,
            "maximum": 172329.352761,
            "average": 165902.24377107166
        }
    },
    "streaming_metrics": {
        "token_output_speed_tok_s": 6.055546577364464,
        "avg_ttft_ms": 929.5221121803334,
        "avg_tpot_ms": 165.13785951840975,
        "tpot_percentiles": {
            "p50": 165.0172263213213,
            "p90": 165.7452839139139,
            "p95": 165.7967583113113,
            "p99": 166.1863161841842,
            "minimum": 164.7756206216216,
            "maximum": 166.28260195895894,
            "average": 165.13785951840975
        },
        "ttft_percentiles": {
            "p50": 581.581191,
            "p90": 868.540681,
            "p95": 3955.4555259999997,
            "p99": 6869.591852,
            "minimum": 501.493741,
            "maximum": 7594.030725,
            "average": 929.5221121803334
        }
    },
    "dataset": {
        "isl_stats": {
            "p50": 1000.0,
            "p90": 1000.0,
            "p95": 1000.0,
            "p99": 1000.0,
            "minimum": 1000.0,
            "maximum": 1000.0,
            "average": 1000.0
        },
        "osl_stats": {
            "p50": 1000.0,
            "p90": 1000.0,
            "p95": 1000.0,
            "p99": 1000.0,
            "minimum": 1000.0,
            "maximum": 1000.0,
            "average": 1000.0
        },
        "seq_len_stats": {
            "p50": 2000.0,
            "p90": 2000.0,
            "p95": 2000.0,
            "p99": 2000.0,
            "minimum": 2000.0,
            "maximum": 2000.0,
            "average": 2000.0
        },
        "num_requests": 3000,
        "dataset_path": "/userdata/foo/trtest/dataset-ds-r1.txt",
        "max_isl": 1000,
        "max_osl": 1000,
        "max_sequence_length": 2000,
        "avg_isl": 1000,
        "avg_osl": 1000,
        "avg_sequence_length": 2000
    }
}