{
    "engine": {
        "model": "deepseek-ai/DeepSeek-R1",
        "model_path": "/userdata/llms/DeepSeek-R1-FP4",
        "engine_dir": "None",
        "version": "0.19.0.dev2025041500",
        "backend": "Pytorch",
        "dtype": "bfloat16",
        "kv_cache_dtype": null,
        "quantization": "NVFP4"
    },
    "world_info": {
        "tp_size": 8,
        "pp_size": 1,
        "ep_size": 4,
        "world_size": 8,
        "max_batch_size": 300,
        "max_num_tokens": 1160,
        "scheduling_policy": "GUARANTEED_NO_EVICT",
        "kv_cache_percentage": 80.0,
        "issue_rate": 1.1104414872733334e+17
    },
    "request_info": {
        "num_requests": 3000,
        "avg_num_concurrent_requests": 289.1038026231037,
        "avg_input_length": 369.905,
        "avg_output_length": 183.15933333333334
    },
    "performance": {
        "total_latency_ms": 360090.102585,
        "avg_request_latency_ms": 34701.13931475567,
        "request_throughput_req_s": 8.331248147237938,
        "system_output_throughput_tok_s": 1525.945856482669,
        "system_total_throughput_tok_s": 4607.716202386718,
        "output_throughput_per_user_tok_s": 5.283746317175456,
        "output_throughput_per_gpu_tok_s": 190.7432320603336,
        "request_latency_percentiles_ms": {
            "p50": 30618.825155,
            "p90": 31225.051997,
            "p95": 59200.361356999994,
            "p99": 145294.928701,
            "minimum": 19494.078859999998,
            "maximum": 306191.418593,
            "average": 34701.13931475567
        }
    },
    "streaming_metrics": {
        "token_output_speed_tok_s": 5.3742040787262795,
        "avg_ttft_ms": 829.4983890233333,
        "avg_tpot_ms": 186.07406517338774,
        "tpot_percentiles": {
            "p50": 187.37888214375,
            "p90": 190.1562344,
            "p95": 190.61686201875,
            "p99": 191.67141718125,
            "minimum": 165.1205143125,
            "maximum": 192.18365651249997,
            "average": 186.07406517338774
        },
        "ttft_percentiles": {
            "p50": 569.7269299999999,
            "p90": 887.399515,
            "p95": 3350.67791,
            "p99": 3996.1310249999997,
            "minimum": 451.67445599999996,
            "maximum": 4387.55668,
            "average": 829.4983890233333
        }
    },
    "dataset": {
        "isl_stats": {
            "p50": 298.0,
            "p90": 766.0,
            "p95": 872.0,
            "p99": 1000.0,
            "minimum": 100.0,
            "maximum": 1023.0,
            "average": 369.905
        },
        "osl_stats": {
            "p50": 310.0,
            "p90": 738.0,
            "p95": 813.0,
            "p99": 1152.0,
            "minimum": 100.0,
            "maximum": 1843.0,
            "average": 372.16266666666667
        },
        "seq_len_stats": {
            "p50": 670.0,
            "p90": 1238.0,
            "p95": 1425.0,
            "p99": 1738.0,
            "minimum": 203.0,
            "maximum": 2009.0,
            "average": 742.0676666666667
        },
        "num_requests": 3000,
        "dataset_path": "/userdata/foo/trtest/dataset-sharegpt.txt",
        "max_isl": 1023,
        "max_osl": 1843,
        "max_sequence_length": 2009,
        "avg_isl": 369,
        "avg_osl": 372,
        "avg_sequence_length": 742
    }
}