{
    "engine": {
        "model": "deepseek-ai/DeepSeek-R1",
        "model_path": "/userdata/llms/DeepSeek-R1-FP4",
        "engine_dir": "None",
        "version": "0.19.0.dev2025041500",
        "backend": "Pytorch",
        "dtype": "bfloat16",
        "kv_cache_dtype": null,
        "quantization": "NVFP4"
    },
    "world_info": {
        "tp_size": 8,
        "pp_size": 1,
        "ep_size": 4,
        "world_size": 8,
        "max_batch_size": 300,
        "max_num_tokens": 1160,
        "scheduling_policy": "GUARANTEED_NO_EVICT",
        "kv_cache_percentage": 80.0,
        "issue_rate": 6.3710862728666664e+16
    },
    "request_info": {
        "num_requests": 3000,
        "avg_num_concurrent_requests": 408.0344785584685,
        "avg_input_length": 369.905,
        "avg_output_length": 204.21066666666667
    },
    "performance": {
        "total_latency_ms": 302340.166354,
        "avg_request_latency_ms": 41121.73737517834,
        "request_throughput_req_s": 9.92259823158065,
        "system_output_throughput_tok_s": 2026.3003999365721,
        "system_total_throughput_tok_s": 5696.719098789412,
        "output_throughput_per_user_tok_s": 4.990875107260443,
        "output_throughput_per_gpu_tok_s": 253.28754999207152,
        "request_latency_percentiles_ms": {
            "p50": 32553.282366,
            "p90": 65678.537268,
            "p95": 106290.95229599999,
            "p99": 167967.060299,
            "minimum": 19562.7734,
            "maximum": 301988.81348899996,
            "average": 41121.73737517834
        }
    },
    "streaming_metrics": {
        "token_output_speed_tok_s": 5.130450702123384,
        "avg_ttft_ms": 1518.3667206726666,
        "avg_tpot_ms": 194.91464942565793,
        "tpot_percentiles": {
            "p50": 198.39287104374998,
            "p90": 201.12534566875,
            "p95": 201.5393496125,
            "p99": 204.1395692375,
            "minimum": 170.12729055625,
            "maximum": 204.5805714625,
            "average": 194.91464942565793
        },
        "ttft_percentiles": {
            "p50": 602.723525,
            "p90": 5901.80416,
            "p95": 7068.304845,
            "p99": 7524.208791,
            "minimum": 501.93279099999995,
            "maximum": 7717.492831,
            "average": 1518.3667206726666
        }
    },
    "dataset": {
        "isl_stats": {
            "p50": 298.0,
            "p90": 766.0,
            "p95": 872.0,
            "p99": 1000.0,
            "minimum": 100.0,
            "maximum": 1023.0,
            "average": 369.905
        },
        "osl_stats": {
            "p50": 310.0,
            "p90": 738.0,
            "p95": 813.0,
            "p99": 1152.0,
            "minimum": 100.0,
            "maximum": 1843.0,
            "average": 372.16266666666667
        },
        "seq_len_stats": {
            "p50": 670.0,
            "p90": 1238.0,
            "p95": 1425.0,
            "p99": 1738.0,
            "minimum": 203.0,
            "maximum": 2009.0,
            "average": 742.0676666666667
        },
        "num_requests": 3000,
        "dataset_path": "/userdata/foo/trtest/dataset-sharegpt.txt",
        "max_isl": 1023,
        "max_osl": 1843,
        "max_sequence_length": 2009,
        "avg_isl": 369,
        "avg_osl": 372,
        "avg_sequence_length": 742
    }
}