{
    "engine": {
        "model": "deepseek-ai/DeepSeek-R1",
        "model_path": "/userdata/llms/DeepSeek-R1-FP4",
        "engine_dir": "None",
        "version": "0.19.0.dev2025041500",
        "backend": "Pytorch",
        "dtype": "bfloat16",
        "kv_cache_dtype": null,
        "quantization": "NVFP4"
    },
    "world_info": {
        "tp_size": 8,
        "pp_size": 1,
        "ep_size": 4,
        "world_size": 8,
        "max_batch_size": 100,
        "max_num_tokens": 1160,
        "scheduling_policy": "GUARANTEED_NO_EVICT",
        "kv_cache_percentage": 80.0,
        "issue_rate": 2.894150227966667e+17
    },
    "request_info": {
        "num_requests": 3000,
        "avg_num_concurrent_requests": 98.35039517329729,
        "avg_input_length": 369.905,
        "avg_output_length": 166.79633333333334
    },
    "performance": {
        "total_latency_ms": 894352.515159,
        "avg_request_latency_ms": 29319.974430039998,
        "request_throughput_req_s": 3.3543820240351794,
        "system_output_throughput_tok_s": 559.4986222083131,
        "system_total_throughput_tok_s": 1800.3013048090463,
        "output_throughput_per_user_tok_s": 5.689582637748507,
        "output_throughput_per_gpu_tok_s": 69.93732777603914,
        "request_latency_percentiles_ms": {
            "p50": 28302.750425,
            "p90": 28649.958255999998,
            "p95": 28730.958785,
            "p99": 66375.520103,
            "minimum": 17628.175552,
            "maximum": 247851.76795799998,
            "average": 29319.974430039998
        }
    },
    "streaming_metrics": {
        "token_output_speed_tok_s": 5.767276421692105,
        "avg_ttft_ms": 570.629976631,
        "avg_tpot_ms": 173.39207051681464,
        "tpot_percentiles": {
            "p50": 173.47958101875,
            "p90": 175.50947469374998,
            "p95": 175.92636413124998,
            "p99": 176.41048155625,
            "minimum": 159.81851085625,
            "maximum": 177.0843553625,
            "average": 173.39207051681464
        },
        "ttft_percentiles": {
            "p50": 537.594344,
            "p90": 578.817365,
            "p95": 606.2657909999999,
            "p99": 1831.58852,
            "minimum": 448.66952299999997,
            "maximum": 1862.330188,
            "average": 570.629976631
        }
    },
    "dataset": {
        "isl_stats": {
            "p50": 298.0,
            "p90": 766.0,
            "p95": 872.0,
            "p99": 1000.0,
            "minimum": 100.0,
            "maximum": 1023.0,
            "average": 369.905
        },
        "osl_stats": {
            "p50": 310.0,
            "p90": 738.0,
            "p95": 813.0,
            "p99": 1152.0,
            "minimum": 100.0,
            "maximum": 1843.0,
            "average": 372.16266666666667
        },
        "seq_len_stats": {
            "p50": 670.0,
            "p90": 1238.0,
            "p95": 1425.0,
            "p99": 1738.0,
            "minimum": 203.0,
            "maximum": 2009.0,
            "average": 742.0676666666667
        },
        "num_requests": 3000,
        "dataset_path": "/userdata/foo/trtest/dataset-sharegpt.txt",
        "max_isl": 1023,
        "max_osl": 1843,
        "max_sequence_length": 2009,
        "avg_isl": 369,
        "avg_osl": 372,
        "avg_sequence_length": 742
    }
}