{
    "engine": {
        "model": "deepseek-ai/DeepSeek-R1",
        "model_path": "/userdata/llms/DeepSeek-R1-FP4",
        "engine_dir": "None",
        "version": "0.19.0.dev2025041500",
        "backend": "Pytorch",
        "dtype": "bfloat16",
        "kv_cache_dtype": null,
        "quantization": "NVFP4"
    },
    "world_info": {
        "tp_size": 8,
        "pp_size": 1,
        "ep_size": 4,
        "world_size": 8,
        "max_batch_size": 100,
        "max_num_tokens": 1160,
        "scheduling_policy": "GUARANTEED_NO_EVICT",
        "kv_cache_percentage": 80.0,
        "issue_rate": 1.10273837959e+17
    },
    "request_info": {
        "num_requests": 3000,
        "avg_num_concurrent_requests": 289.0559606439271,
        "avg_input_length": 369.905,
        "avg_output_length": 183.15933333333334
    },
    "performance": {
        "total_latency_ms": 357806.793451,
        "avg_request_latency_ms": 34475.395468634,
        "request_throughput_req_s": 8.384413194242038,
        "system_output_throughput_tok_s": 1535.6835310485756,
        "system_total_throughput_tok_s": 4637.119893664676,
        "output_throughput_per_user_tok_s": 5.316535197779717,
        "output_throughput_per_gpu_tok_s": 191.96044138107194,
        "request_latency_percentiles_ms": {
            "p50": 30398.927411999997,
            "p90": 30733.772439999997,
            "p95": 58985.690707999995,
            "p99": 144187.104055,
            "minimum": 18892.279906,
            "maximum": 304289.296255,
            "average": 34475.395468634
        }
    },
    "streaming_metrics": {
        "token_output_speed_tok_s": 5.407519425864862,
        "avg_ttft_ms": 818.3619172966665,
        "avg_tpot_ms": 184.9276759352673,
        "tpot_percentiles": {
            "p50": 186.1574979875,
            "p90": 188.0777031125,
            "p95": 188.39449625,
            "p99": 188.69699734999998,
            "minimum": 165.36834795625,
            "maximum": 189.01743306875,
            "average": 184.9276759352673
        },
        "ttft_percentiles": {
            "p50": 565.6279569999999,
            "p90": 954.088587,
            "p95": 2895.1857649999997,
            "p99": 4317.579691,
            "minimum": 484.023438,
            "maximum": 4479.782795,
            "average": 818.3619172966665
        }
    },
    "dataset": {
        "isl_stats": {
            "p50": 298.0,
            "p90": 766.0,
            "p95": 872.0,
            "p99": 1000.0,
            "minimum": 100.0,
            "maximum": 1023.0,
            "average": 369.905
        },
        "osl_stats": {
            "p50": 310.0,
            "p90": 738.0,
            "p95": 813.0,
            "p99": 1152.0,
            "minimum": 100.0,
            "maximum": 1843.0,
            "average": 372.16266666666667
        },
        "seq_len_stats": {
            "p50": 670.0,
            "p90": 1238.0,
            "p95": 1425.0,
            "p99": 1738.0,
            "minimum": 203.0,
            "maximum": 2009.0,
            "average": 742.0676666666667
        },
        "num_requests": 3000,
        "dataset_path": "/userdata/foo/trtest/dataset-sharegpt.txt",
        "max_isl": 1023,
        "max_osl": 1843,
        "max_sequence_length": 2009,
        "avg_isl": 369,
        "avg_osl": 372,
        "avg_sequence_length": 742
    }
}