{
    "engine": {
        "model": "deepseek-ai/DeepSeek-R1",
        "model_path": "/userdata/llms/DeepSeek-R1-FP4",
        "engine_dir": "None",
        "version": "0.19.0.dev2025041500",
        "backend": "Pytorch",
        "dtype": "bfloat16",
        "kv_cache_dtype": null,
        "quantization": "NVFP4"
    },
    "world_info": {
        "tp_size": 8,
        "pp_size": 1,
        "ep_size": 4,
        "world_size": 8,
        "max_batch_size": 300,
        "max_num_tokens": 1160,
        "scheduling_policy": "GUARANTEED_NO_EVICT",
        "kv_cache_percentage": 80.0,
        "issue_rate": 1.1052230872233333e+17
    },
    "request_info": {
        "num_requests": 3000,
        "avg_num_concurrent_requests": 288.86463145478257,
        "avg_input_length": 369.905,
        "avg_output_length": 183.15933333333334
    },
    "performance": {
        "total_latency_ms": 358785.15217099997,
        "avg_request_latency_ms": 34546.780251108,
        "request_throughput_req_s": 8.361550030281563,
        "system_output_throughput_tok_s": 1531.495929179684,
        "system_total_throughput_tok_s": 4624.475093130985,
        "output_throughput_per_user_tok_s": 5.305227964278914,
        "output_throughput_per_gpu_tok_s": 191.4369911474605,
        "request_latency_percentiles_ms": {
            "p50": 30481.612189,
            "p90": 30848.974755,
            "p95": 58765.583373999994,
            "p99": 144750.283516,
            "minimum": 18498.431801,
            "maximum": 304894.617484,
            "average": 34546.780251108
        }
    },
    "streaming_metrics": {
        "token_output_speed_tok_s": 5.3936390593444115,
        "avg_ttft_ms": 797.0226076013333,
        "avg_tpot_ms": 185.40358170009776,
        "tpot_percentiles": {
            "p50": 186.63898093125,
            "p90": 188.55804780625,
            "p95": 188.80056265,
            "p99": 189.49326629374997,
            "minimum": 166.00614996039604,
            "maximum": 189.708421875,
            "average": 185.40358170009776
        },
        "ttft_percentiles": {
            "p50": 568.4594589999999,
            "p90": 826.508338,
            "p95": 2667.041878,
            "p99": 4054.4899219999998,
            "minimum": 484.65671399999997,
            "maximum": 4219.761867,
            "average": 797.0226076013333
        }
    },
    "dataset": {
        "isl_stats": {
            "p50": 298.0,
            "p90": 766.0,
            "p95": 872.0,
            "p99": 1000.0,
            "minimum": 100.0,
            "maximum": 1023.0,
            "average": 369.905
        },
        "osl_stats": {
            "p50": 310.0,
            "p90": 738.0,
            "p95": 813.0,
            "p99": 1152.0,
            "minimum": 100.0,
            "maximum": 1843.0,
            "average": 372.16266666666667
        },
        "seq_len_stats": {
            "p50": 670.0,
            "p90": 1238.0,
            "p95": 1425.0,
            "p99": 1738.0,
            "minimum": 203.0,
            "maximum": 2009.0,
            "average": 742.0676666666667
        },
        "num_requests": 3000,
        "dataset_path": "/userdata/foo/trtest/dataset-sharegpt.txt",
        "max_isl": 1023,
        "max_osl": 1843,
        "max_sequence_length": 2009,
        "avg_isl": 369,
        "avg_osl": 372,
        "avg_sequence_length": 742
    }
}