{
    "engine": {
        "model": "deepseek-ai/DeepSeek-R1",
        "model_path": "/userdata/llms/DeepSeek-R1-FP4",
        "engine_dir": "None",
        "version": "0.19.0.dev2025041500",
        "backend": "Pytorch",
        "dtype": "bfloat16",
        "kv_cache_dtype": null,
        "quantization": "NVFP4"
    },
    "world_info": {
        "tp_size": 8,
        "pp_size": 1,
        "ep_size": 4,
        "world_size": 8,
        "max_batch_size": 600,
        "max_num_tokens": 1160,
        "scheduling_policy": "GUARANTEED_NO_EVICT",
        "kv_cache_percentage": 80.0,
        "issue_rate": 6.358519397433333e+16
    },
    "request_info": {
        "num_requests": 3000,
        "avg_num_concurrent_requests": 407.20793739674565,
        "avg_input_length": 369.905,
        "avg_output_length": 204.21066666666667
    },
    "performance": {
        "total_latency_ms": 302487.96548099996,
        "avg_request_latency_ms": 41058.50017028533,
        "request_throughput_req_s": 9.917749935041423,
        "system_output_throughput_tok_s": 2025.3103260680991,
        "system_total_throughput_tok_s": 5693.935615789596,
        "output_throughput_per_user_tok_s": 4.995743556203403,
        "output_throughput_per_gpu_tok_s": 253.1637907585124,
        "request_latency_percentiles_ms": {
            "p50": 32468.438666,
            "p90": 65522.054051,
            "p95": 105661.446021,
            "p99": 167457.863965,
            "minimum": 19770.278985,
            "maximum": 302114.336829,
            "average": 41058.50017028533
        }
    },
    "streaming_metrics": {
        "token_output_speed_tok_s": 5.135481424398156,
        "avg_ttft_ms": 1512.7582369936665,
        "avg_tpot_ms": 194.72371085777868,
        "tpot_percentiles": {
            "p50": 198.16150208125,
            "p90": 200.09135243749998,
            "p95": 200.20633701875,
            "p99": 200.37872321875,
            "minimum": 170.8723815,
            "maximum": 200.50985293125,
            "average": 194.72371085777868
        },
        "ttft_percentiles": {
            "p50": 600.526528,
            "p90": 5887.597862,
            "p95": 7055.468355999999,
            "p99": 7509.551981,
            "minimum": 515.4362209999999,
            "maximum": 7708.812527,
            "average": 1512.7582369936665
        }
    },
    "dataset": {
        "isl_stats": {
            "p50": 298.0,
            "p90": 766.0,
            "p95": 872.0,
            "p99": 1000.0,
            "minimum": 100.0,
            "maximum": 1023.0,
            "average": 369.905
        },
        "osl_stats": {
            "p50": 310.0,
            "p90": 738.0,
            "p95": 813.0,
            "p99": 1152.0,
            "minimum": 100.0,
            "maximum": 1843.0,
            "average": 372.16266666666667
        },
        "seq_len_stats": {
            "p50": 670.0,
            "p90": 1238.0,
            "p95": 1425.0,
            "p99": 1738.0,
            "minimum": 203.0,
            "maximum": 2009.0,
            "average": 742.0676666666667
        },
        "num_requests": 3000,
        "dataset_path": "/userdata/foo/trtest/dataset-sharegpt.txt",
        "max_isl": 1023,
        "max_osl": 1843,
        "max_sequence_length": 2009,
        "avg_isl": 369,
        "avg_osl": 372,
        "avg_sequence_length": 742
    }
}