{
    "engine": {
        "model": "deepseek-ai/DeepSeek-R1",
        "model_path": "/userdata/llms/DeepSeek-R1-FP4",
        "engine_dir": "None",
        "version": "0.19.0.dev2025041500",
        "backend": "Pytorch",
        "dtype": "bfloat16",
        "kv_cache_dtype": null,
        "quantization": "NVFP4"
    },
    "world_info": {
        "tp_size": 8,
        "pp_size": 1,
        "ep_size": 4,
        "world_size": 8,
        "max_batch_size": 100,
        "max_num_tokens": 1160,
        "scheduling_policy": "GUARANTEED_NO_EVICT",
        "kv_cache_percentage": 80.0,
        "issue_rate": 1.1079814957966666e+17
    },
    "request_info": {
        "num_requests": 3000,
        "avg_num_concurrent_requests": 289.0189219867551,
        "avg_input_length": 369.905,
        "avg_output_length": 183.15933333333334
    },
    "performance": {
        "total_latency_ms": 359445.592528,
        "avg_request_latency_ms": 34628.85922177766,
        "request_throughput_req_s": 8.346186633979402,
        "system_output_throughput_tok_s": 1528.6819797552446,
        "system_total_throughput_tok_s": 4615.978146597395,
        "output_throughput_per_user_tok_s": 5.2925271631684785,
        "output_throughput_per_gpu_tok_s": 191.08524746940557,
        "request_latency_percentiles_ms": {
            "p50": 30531.308300999997,
            "p90": 30866.207272,
            "p95": 59064.387165,
            "p99": 144781.239411,
            "minimum": 18673.873035,
            "maximum": 305661.26276899996,
            "average": 34628.85922177766
        }
    },
    "streaming_metrics": {
        "token_output_speed_tok_s": 5.381921029468458,
        "avg_ttft_ms": 809.8441514653333,
        "avg_tpot_ms": 185.80725999592835,
        "tpot_percentiles": {
            "p50": 187.039327425,
            "p90": 188.44620865624998,
            "p95": 188.946556875,
            "p99": 189.95176869999997,
            "minimum": 165.8700848375,
            "maximum": 190.17846343125,
            "average": 185.80725999592835
        },
        "ttft_percentiles": {
            "p50": 568.927368,
            "p90": 911.855416,
            "p95": 2782.6813899999997,
            "p99": 4203.160995,
            "minimum": 480.512518,
            "maximum": 4339.6409619999995,
            "average": 809.8441514653333
        }
    },
    "dataset": {
        "isl_stats": {
            "p50": 298.0,
            "p90": 766.0,
            "p95": 872.0,
            "p99": 1000.0,
            "minimum": 100.0,
            "maximum": 1023.0,
            "average": 369.905
        },
        "osl_stats": {
            "p50": 310.0,
            "p90": 738.0,
            "p95": 813.0,
            "p99": 1152.0,
            "minimum": 100.0,
            "maximum": 1843.0,
            "average": 372.16266666666667
        },
        "seq_len_stats": {
            "p50": 670.0,
            "p90": 1238.0,
            "p95": 1425.0,
            "p99": 1738.0,
            "minimum": 203.0,
            "maximum": 2009.0,
            "average": 742.0676666666667
        },
        "num_requests": 3000,
        "dataset_path": "/userdata/foo/trtest/dataset-sharegpt.txt",
        "max_isl": 1023,
        "max_osl": 1843,
        "max_sequence_length": 2009,
        "avg_isl": 369,
        "avg_osl": 372,
        "avg_sequence_length": 742
    }
}