{
    "engine": {
        "model": "deepseek-ai/DeepSeek-R1",
        "model_path": "/userdata/llms/DeepSeek-R1-FP4",
        "engine_dir": "None",
        "version": "0.19.0.dev2025041500",
        "backend": "Pytorch",
        "dtype": "bfloat16",
        "kv_cache_dtype": null,
        "quantization": "NVFP4"
    },
    "world_info": {
        "tp_size": 8,
        "pp_size": 1,
        "ep_size": 4,
        "world_size": 8,
        "max_batch_size": 100,
        "max_num_tokens": 1160,
        "scheduling_policy": "GUARANTEED_NO_EVICT",
        "kv_cache_percentage": 80.0,
        "issue_rate": 2.872749307773333e+17
    },
    "request_info": {
        "num_requests": 3000,
        "avg_num_concurrent_requests": 98.33510941514163,
        "avg_input_length": 369.905,
        "avg_output_length": 166.79633333333334
    },
    "performance": {
        "total_latency_ms": 887901.631538,
        "avg_request_latency_ms": 29103.968029057334,
        "request_throughput_req_s": 3.378752660701252,
        "system_output_throughput_tok_s": 563.5635550452129,
        "system_total_throughput_tok_s": 1813.3810580019094,
        "output_throughput_per_user_tok_s": 5.731713733465437,
        "output_throughput_per_gpu_tok_s": 70.44544438065161,
        "request_latency_percentiles_ms": {
            "p50": 28110.058588,
            "p90": 28407.180658999998,
            "p95": 28491.245996999998,
            "p99": 65829.890483,
            "minimum": 17548.612899,
            "maximum": 245657.797772,
            "average": 29103.968029057334
        }
    },
    "streaming_metrics": {
        "token_output_speed_tok_s": 5.810233553579266,
        "avg_ttft_ms": 567.6707041876666,
        "avg_tpot_ms": 172.11012100950262,
        "tpot_percentiles": {
            "p50": 172.30948966875,
            "p90": 174.04268769375,
            "p95": 174.412076725,
            "p99": 175.19781526249997,
            "minimum": 159.89497499,
            "maximum": 175.73119105625,
            "average": 172.11012100950262
        },
        "ttft_percentiles": {
            "p50": 533.476505,
            "p90": 572.789001,
            "p95": 591.775904,
            "p99": 1918.257592,
            "minimum": 454.20462999999995,
            "maximum": 1950.945596,
            "average": 567.6707041876666
        }
    },
    "dataset": {
        "isl_stats": {
            "p50": 298.0,
            "p90": 766.0,
            "p95": 872.0,
            "p99": 1000.0,
            "minimum": 100.0,
            "maximum": 1023.0,
            "average": 369.905
        },
        "osl_stats": {
            "p50": 310.0,
            "p90": 738.0,
            "p95": 813.0,
            "p99": 1152.0,
            "minimum": 100.0,
            "maximum": 1843.0,
            "average": 372.16266666666667
        },
        "seq_len_stats": {
            "p50": 670.0,
            "p90": 1238.0,
            "p95": 1425.0,
            "p99": 1738.0,
            "minimum": 203.0,
            "maximum": 2009.0,
            "average": 742.0676666666667
        },
        "num_requests": 3000,
        "dataset_path": "/userdata/foo/trtest/dataset-sharegpt.txt",
        "max_isl": 1023,
        "max_osl": 1843,
        "max_sequence_length": 2009,
        "avg_isl": 369,
        "avg_osl": 372,
        "avg_sequence_length": 742
    }
}