{
    "engine": {
        "model": "deepseek-ai/DeepSeek-R1",
        "model_path": "/userdata/llms/DeepSeek-R1-FP4",
        "engine_dir": "None",
        "version": "0.19.0.dev2025041500",
        "backend": "Pytorch",
        "dtype": "bfloat16",
        "kv_cache_dtype": null,
        "quantization": "NVFP4"
    },
    "world_info": {
        "tp_size": 8,
        "pp_size": 1,
        "ep_size": 4,
        "world_size": 8,
        "max_batch_size": 600,
        "max_num_tokens": 1160,
        "scheduling_policy": "GUARANTEED_NO_EVICT",
        "kv_cache_percentage": 80.0,
        "issue_rate": 4.4761692946333336e+16
    },
    "request_info": {
        "num_requests": 3000,
        "avg_num_concurrent_requests": 451.39315037404054,
        "avg_input_length": 369.905,
        "avg_output_length": 234.549
    },
    "performance": {
        "total_latency_ms": 337872.543042,
        "avg_request_latency_ms": 50837.78387620566,
        "request_throughput_req_s": 8.87908787434994,
        "system_output_throughput_tok_s": 2082.581181840904,
        "system_total_throughput_tok_s": 5367.000182002318,
        "output_throughput_per_user_tok_s": 4.639502574469281,
        "output_throughput_per_gpu_tok_s": 260.322647730113,
        "request_latency_percentiles_ms": {
            "p50": 34601.767373999995,
            "p90": 101512.947776,
            "p95": 144058.140448,
            "p99": 191107.902637,
            "minimum": 21495.438976999998,
            "maximum": 337167.74020199996,
            "average": 50837.78387620566
        }
    },
    "streaming_metrics": {
        "token_output_speed_tok_s": 4.853468500472894,
        "avg_ttft_ms": 2877.660910623,
        "avg_tpot_ms": 206.0382178029106,
        "tpot_percentiles": {
            "p50": 208.8689582320675,
            "p90": 214.0306784875,
            "p95": 214.38915124375,
            "p99": 214.60162993125,
            "minimum": 178.26519410333515,
            "maximum": 214.82055110624998,
            "average": 206.0382178029106
        },
        "ttft_percentiles": {
            "p50": 642.275628,
            "p90": 10442.930634999999,
            "p95": 11325.12069,
            "p99": 11831.518992,
            "minimum": 450.207075,
            "maximum": 12094.093448,
            "average": 2877.660910623
        }
    },
    "dataset": {
        "isl_stats": {
            "p50": 298.0,
            "p90": 766.0,
            "p95": 872.0,
            "p99": 1000.0,
            "minimum": 100.0,
            "maximum": 1023.0,
            "average": 369.905
        },
        "osl_stats": {
            "p50": 310.0,
            "p90": 738.0,
            "p95": 813.0,
            "p99": 1152.0,
            "minimum": 100.0,
            "maximum": 1843.0,
            "average": 372.16266666666667
        },
        "seq_len_stats": {
            "p50": 670.0,
            "p90": 1238.0,
            "p95": 1425.0,
            "p99": 1738.0,
            "minimum": 203.0,
            "maximum": 2009.0,
            "average": 742.0676666666667
        },
        "num_requests": 3000,
        "dataset_path": "/userdata/foo/trtest/dataset-sharegpt.txt",
        "max_isl": 1023,
        "max_osl": 1843,
        "max_sequence_length": 2009,
        "avg_isl": 369,
        "avg_osl": 372,
        "avg_sequence_length": 742
    }
}