{
    "engine": {
        "model": "deepseek-ai/DeepSeek-R1",
        "model_path": "/userdata/llms/DeepSeek-R1-FP4",
        "engine_dir": "None",
        "version": "0.19.0.dev2025041500",
        "backend": "Pytorch",
        "dtype": "bfloat16",
        "kv_cache_dtype": null,
        "quantization": "NVFP4"
    },
    "world_info": {
        "tp_size": 8,
        "pp_size": 1,
        "ep_size": 4,
        "world_size": 8,
        "max_batch_size": 100,
        "max_num_tokens": 1160,
        "scheduling_policy": "GUARANTEED_NO_EVICT",
        "kv_cache_percentage": 80.0,
        "issue_rate": 1.10208663376e+17
    },
    "request_info": {
        "num_requests": 3000,
        "avg_num_concurrent_requests": 289.0370484105114,
        "avg_input_length": 369.905,
        "avg_output_length": 183.15933333333334
    },
    "performance": {
        "total_latency_ms": 357478.84560199996,
        "avg_request_latency_ms": 34441.543467333,
        "request_throughput_req_s": 8.392104978821761,
        "system_output_throughput_tok_s": 1537.0923531843412,
        "system_total_throughput_tok_s": 4641.373945375405,
        "output_throughput_per_user_tok_s": 5.318337110702014,
        "output_throughput_per_gpu_tok_s": 192.13654414804265,
        "request_latency_percentiles_ms": {
            "p50": 30427.24413,
            "p90": 30741.379912,
            "p95": 58483.281359,
            "p99": 143311.448291,
            "minimum": 18485.9418,
            "maximum": 304030.092946,
            "average": 34441.543467333
        }
    },
    "streaming_metrics": {
        "token_output_speed_tok_s": 5.407537479930032,
        "avg_ttft_ms": 802.303588598,
        "avg_tpot_ms": 184.92705851997883,
        "tpot_percentiles": {
            "p50": 186.44216613125,
            "p90": 188.06804263125,
            "p95": 188.33702876875,
            "p99": 188.76172310624997,
            "minimum": 164.67131032499998,
            "maximum": 188.99512699375,
            "average": 184.92705851997883
        },
        "ttft_percentiles": {
            "p50": 566.116765,
            "p90": 921.014386,
            "p95": 2728.720861,
            "p99": 4114.047046,
            "minimum": 485.68515299999996,
            "maximum": 4262.66227,
            "average": 802.303588598
        }
    },
    "dataset": {
        "isl_stats": {
            "p50": 298.0,
            "p90": 766.0,
            "p95": 872.0,
            "p99": 1000.0,
            "minimum": 100.0,
            "maximum": 1023.0,
            "average": 369.905
        },
        "osl_stats": {
            "p50": 310.0,
            "p90": 738.0,
            "p95": 813.0,
            "p99": 1152.0,
            "minimum": 100.0,
            "maximum": 1843.0,
            "average": 372.16266666666667
        },
        "seq_len_stats": {
            "p50": 670.0,
            "p90": 1238.0,
            "p95": 1425.0,
            "p99": 1738.0,
            "minimum": 203.0,
            "maximum": 2009.0,
            "average": 742.0676666666667
        },
        "num_requests": 3000,
        "dataset_path": "/userdata/foo/trtest/dataset-sharegpt.txt",
        "max_isl": 1023,
        "max_osl": 1843,
        "max_sequence_length": 2009,
        "avg_isl": 369,
        "avg_osl": 372,
        "avg_sequence_length": 742
    }
}