{
    "engine": {
        "model": "deepseek-ai/DeepSeek-R1",
        "model_path": "/userdata/llms/DeepSeek-R1-FP4",
        "engine_dir": "None",
        "version": "0.19.0.dev2025041500",
        "backend": "Pytorch",
        "dtype": "bfloat16",
        "kv_cache_dtype": null,
        "quantization": "NVFP4"
    },
    "world_info": {
        "tp_size": 8,
        "pp_size": 1,
        "ep_size": 4,
        "world_size": 8,
        "max_batch_size": 100,
        "max_num_tokens": 1160,
        "scheduling_policy": "GUARANTEED_NO_EVICT",
        "kv_cache_percentage": 80.0,
        "issue_rate": 2.8658403023900003e+17
    },
    "request_info": {
        "num_requests": 3000,
        "avg_num_concurrent_requests": 98.34527884700499,
        "avg_input_length": 369.905,
        "avg_output_length": 166.79633333333334
    },
    "performance": {
        "total_latency_ms": 885628.896292,
        "avg_request_latency_ms": 29032.473586933997,
        "request_throughput_req_s": 3.387423346912647,
        "system_output_throughput_tok_s": 565.0097937127575,
        "system_total_throughput_tok_s": 1818.03462685248,
        "output_throughput_per_user_tok_s": 5.746209174096919,
        "output_throughput_per_gpu_tok_s": 70.62622421409469,
        "request_latency_percentiles_ms": {
            "p50": 27994.314735,
            "p90": 28411.924586999998,
            "p95": 28523.295183,
            "p99": 65710.26209799999,
            "minimum": 17513.386517,
            "maximum": 245634.40164499998,
            "average": 29032.473586933997
        }
    },
    "streaming_metrics": {
        "token_output_speed_tok_s": 5.82540312119484,
        "avg_ttft_ms": 570.0232087,
        "avg_tpot_ms": 171.66193981694636,
        "tpot_percentiles": {
            "p50": 171.594872675,
            "p90": 174.0323689875,
            "p95": 174.49825749375,
            "p99": 175.29963135,
            "minimum": 158.4386488125,
            "maximum": 176.136702075,
            "average": 171.66193981694636
        },
        "ttft_percentiles": {
            "p50": 531.918552,
            "p90": 573.2108489999999,
            "p95": 600.9001539999999,
            "p99": 1935.544974,
            "minimum": 465.344828,
            "maximum": 1966.7921609999999,
            "average": 570.0232087
        }
    },
    "dataset": {
        "isl_stats": {
            "p50": 298.0,
            "p90": 766.0,
            "p95": 872.0,
            "p99": 1000.0,
            "minimum": 100.0,
            "maximum": 1023.0,
            "average": 369.905
        },
        "osl_stats": {
            "p50": 310.0,
            "p90": 738.0,
            "p95": 813.0,
            "p99": 1152.0,
            "minimum": 100.0,
            "maximum": 1843.0,
            "average": 372.16266666666667
        },
        "seq_len_stats": {
            "p50": 670.0,
            "p90": 1238.0,
            "p95": 1425.0,
            "p99": 1738.0,
            "minimum": 203.0,
            "maximum": 2009.0,
            "average": 742.0676666666667
        },
        "num_requests": 3000,
        "dataset_path": "/userdata/foo/trtest/dataset-sharegpt.txt",
        "max_isl": 1023,
        "max_osl": 1843,
        "max_sequence_length": 2009,
        "avg_isl": 369,
        "avg_osl": 372,
        "avg_sequence_length": 742
    }
}