{
    "engine": {
        "model": "deepseek-ai/DeepSeek-R1",
        "model_path": "/userdata/llms/DeepSeek-R1-FP4",
        "engine_dir": "None",
        "version": "0.19.0.dev2025041500",
        "backend": "Pytorch",
        "dtype": "bfloat16",
        "kv_cache_dtype": null,
        "quantization": "NVFP4"
    },
    "world_info": {
        "tp_size": 8,
        "pp_size": 1,
        "ep_size": 4,
        "world_size": 8,
        "max_batch_size": 300,
        "max_num_tokens": 1160,
        "scheduling_policy": "GUARANTEED_NO_EVICT",
        "kv_cache_percentage": 80.0,
        "issue_rate": 6.3363790729666664e+16
    },
    "request_info": {
        "num_requests": 3000,
        "avg_num_concurrent_requests": 407.4084026125747,
        "avg_input_length": 369.905,
        "avg_output_length": 204.21066666666667
    },
    "performance": {
        "total_latency_ms": 301195.717962,
        "avg_request_latency_ms": 40903.22210954867,
        "request_throughput_req_s": 9.960300964100995,
        "system_output_throughput_tok_s": 2033.9997000797068,
        "system_total_throughput_tok_s": 5718.3648282054855,
        "output_throughput_per_user_tok_s": 5.017833908392498,
        "output_throughput_per_gpu_tok_s": 254.24996250996335,
        "request_latency_percentiles_ms": {
            "p50": 32383.832166,
            "p90": 65457.773965,
            "p95": 105577.87707199999,
            "p99": 167161.472112,
            "minimum": 19697.178647999997,
            "maximum": 300824.67842899996,
            "average": 40903.22210954867
        }
    },
    "streaming_metrics": {
        "token_output_speed_tok_s": 5.158103248813478,
        "avg_ttft_ms": 1515.981604822,
        "avg_tpot_ms": 193.86971368400404,
        "tpot_percentiles": {
            "p50": 197.71117506874998,
            "p90": 199.53464609374998,
            "p95": 199.7734201125,
            "p99": 200.8843909875,
            "minimum": 169.55109355625,
            "maximum": 201.30768882499999,
            "average": 193.86971368400404
        },
        "ttft_percentiles": {
            "p50": 599.138047,
            "p90": 5922.02676,
            "p95": 7085.648854,
            "p99": 7580.198265999999,
            "minimum": 496.954185,
            "maximum": 7773.094701999999,
            "average": 1515.981604822
        }
    },
    "dataset": {
        "isl_stats": {
            "p50": 298.0,
            "p90": 766.0,
            "p95": 872.0,
            "p99": 1000.0,
            "minimum": 100.0,
            "maximum": 1023.0,
            "average": 369.905
        },
        "osl_stats": {
            "p50": 310.0,
            "p90": 738.0,
            "p95": 813.0,
            "p99": 1152.0,
            "minimum": 100.0,
            "maximum": 1843.0,
            "average": 372.16266666666667
        },
        "seq_len_stats": {
            "p50": 670.0,
            "p90": 1238.0,
            "p95": 1425.0,
            "p99": 1738.0,
            "minimum": 203.0,
            "maximum": 2009.0,
            "average": 742.0676666666667
        },
        "num_requests": 3000,
        "dataset_path": "/userdata/foo/trtest/dataset-sharegpt.txt",
        "max_isl": 1023,
        "max_osl": 1843,
        "max_sequence_length": 2009,
        "avg_isl": 369,
        "avg_osl": 372,
        "avg_sequence_length": 742
    }
}