{
    "engine": {
        "model": "deepseek-ai/DeepSeek-R1",
        "model_path": "/userdata/llms/DeepSeek-R1-FP4",
        "engine_dir": "None",
        "version": "0.19.0.dev2025040800",
        "backend": "Pytorch",
        "dtype": "bfloat16",
        "kv_cache_dtype": null,
        "quantization": "NVFP4"
    },
    "world_info": {
        "tp_size": 8,
        "pp_size": 1,
        "ep_size": 4,
        "world_size": 8,
        "max_batch_size": 300,
        "max_num_tokens": 1160,
        "scheduling_policy": "GUARANTEED_NO_EVICT",
        "kv_cache_percentage": 80.0,
        "issue_rate": 3.78694195249e+17
    },
    "request_info": {
        "num_requests": 3000,
        "avg_num_concurrent_requests": 595.2294710586457,
        "avg_input_length": 1000.0,
        "avg_output_length": 1000.0
    },
    "performance": {
        "total_latency_ms": 1410950.760335,
        "avg_request_latency_ms": 279946.49158799864,
        "request_throughput_req_s": 2.126225864386447,
        "system_output_throughput_tok_s": 2126.2258643864466,
        "system_total_throughput_tok_s": 4252.451728772893,
        "output_throughput_per_user_tok_s": 3.5738348898087167,
        "output_throughput_per_gpu_tok_s": 265.7782330483058,
        "request_latency_percentiles_ms": {
            "p50": 277322.921789,
            "p90": 291023.751378,
            "p95": 296421.676744,
            "p99": 300940.629738,
            "minimum": 274574.876821,
            "maximum": 301599.172178,
            "average": 279946.49158799864
        }
    },
    "streaming_metrics": {
        "token_output_speed_tok_s": 3.6083523496955805,
        "avg_ttft_ms": 3088.8282602249997,
        "avg_tpot_ms": 277.1347981258995,
        "tpot_percentiles": {
            "p50": 276.6242071371371,
            "p90": 279.5803907137137,
            "p95": 279.6442683493493,
            "p99": 279.70485825125127,
            "minimum": 273.6795747717718,
            "maximum": 279.72609075175177,
            "average": 277.1347981258995
        },
        "ttft_percentiles": {
            "p50": 1066.099749,
            "p90": 11630.450463,
            "p95": 17099.996306,
            "p99": 21586.119549,
            "minimum": 568.823454,
            "maximum": 22677.862609,
            "average": 3088.8282602249997
        }
    },
    "dataset": {
        "isl_stats": {
            "p50": 1000.0,
            "p90": 1000.0,
            "p95": 1000.0,
            "p99": 1000.0,
            "minimum": 1000.0,
            "maximum": 1000.0,
            "average": 1000.0
        },
        "osl_stats": {
            "p50": 1000.0,
            "p90": 1000.0,
            "p95": 1000.0,
            "p99": 1000.0,
            "minimum": 1000.0,
            "maximum": 1000.0,
            "average": 1000.0
        },
        "seq_len_stats": {
            "p50": 2000.0,
            "p90": 2000.0,
            "p95": 2000.0,
            "p99": 2000.0,
            "minimum": 2000.0,
            "maximum": 2000.0,
            "average": 2000.0
        },
        "num_requests": 3000,
        "dataset_path": "/userdata/foo/trtest/dataset-ds-r1.txt",
        "max_isl": 1000,
        "max_osl": 1000,
        "max_sequence_length": 2000,
        "avg_isl": 1000,
        "avg_osl": 1000,
        "avg_sequence_length": 2000
    }
}